海外-巴西葡萄牙语屏蔽词（第3行=无效汉字过滤，第4行=无效数字过滤，第5行汉字拆分）,特殊检测[0=不检测，1=乱序检测，2=同音字检测，4=字母检测(如xjp/习近平），8=社交检测]（多种检测则将数字相加，命中几个加几个）,
FilterString,filtertype,filternum
十j口和谐河蟹【】（），。、‘’“”{}-――：“|《》？・~；,,
1234567890一二三四五六七八九壹贰叁肆伍陆柒捌玖拾佰仟万亿零①②③④⑤⑥⑦⑧⑨壹E⑺廖殛柒捌玖拾佰仟f|零,,
强奸法轮功权,弓虽女干氵去车仑土力木又,
bagos,,
debiloide,,
xerereca,,
baba-ovo,,
babaovo,,
babaca,,
bacura,,
baitola,,
bebum,,
besta,,
bicha,,
bisca,,
bixa,,
boazuda,,
boceta,,
boco,,
boc?,,
boiola,,
bolagato,,
boquete,,
bolcat,,
bosseta,,
bosta,,
bostana,,
brecha,,
brexa,,
brioco,,
bronha,,
buca,,
buceta,,
bunda,,
bunduda,,
burra,,
burro,,
busseta,,
cachorra,,
cachorro,,
cadela,,
caga,,
cagado,,
cagao,,
cagona,,
canalha,,
caralho,,
casseta,,
cassete,,
checheca,,
chereca,,
chibumba,,
chibumbo,,
chifruda,,
chifrudo,,
chota,,
chochota,,
chupada,,
chupado,,
clitóris,,
clitoris,,
cocaina,,
cocaína,,
coco,,
coc?,,
corna,,
corno,,
cornuda,,
cornudo,,
corrupta,,
corrupto,,
cretina,,
cretino,,
Cruz credo,,
cu,,
cú,,
culhao,,
culh?o,,
culh?es,,
curalho,,
cuzao,,
cuzuda,,
cuzudo,,
debil,,
defunto,,
demonio,,
dem?nio,,
difunto,,
doida,,
doido,,
egua,,
escrota,,
escroto,,
esporrada,,
esporrado,,
esporro,,
esp?rro,,
estupida,,
est+pida,,
estupidez,,
estupido,,
estúpida,,
fedida,,
fedido,,
fedor,,
fedorenta,,
feia,,
feio,,
feiosa,,
feioso,,
feioza,,
feiozo,,
felacao,,
fenda,,
foda,,
fodao,,
fod?o,,
fode,,
fodida,,
fodido,,
fornica,,
fudendo,,
fudecao,,
fudida,,
fudido,,
furada,,
furado,,
furao,,
fur?o,,
furnica,,
furnicar,,
furo,,
furona,,
gaiata,,
gaiato,,
gay,,
gonorrea,,
gonorreia,,
gosma,,
gosmenta,,
gosmento,,
grelinho,,
grelo,,
homo-sexual,,
homosexual,,
homossexual,,
idiota,,
idiotice,,
imbecil,,
iscrota,,
iscroto,,
japa,,
ladra,,
ladrao,,
ladr?o,,
ladroeira,,
ladrona,,
lalau,,
leprosa,,
leproso,,
lesbica,,
macaca,,
macaco,,
machona,,
machorra,,
manguaca,,
manguaA,,
masturba,,
meleca,,
merda,,
mija,,
mijada,,
mijado,,
mijo,,
mocrea,,
mocréa,,
mocreia,,
mocréia,,
moleca,,
moleque,,
mondronga,,
mondrongo,,
naba,,
nadega,,
nojeira,,
nojenta,,
nojento,,
nojo,,
olhota,,
otaria,,
otária,,
otario,,
otário,,
paca,,
paspalha,,
paspalhao,,
paspalho,,
pau,,
peia,,
peido,,
pemba,,
pênis,,
pentelha,,
pentelho,,
perereca,,
peru,,
pica,,
picao,,
pic?o,,
pilantra,,
piranha,,
piroca,,
piroco,,
piru,,
porra,,
prega,,
prostibulo,,
prostíbulo,,
prostituta,,
prostituto,,
punheta,,
punhetao,,
punhet?o,,
pus,,
pustula,,
pústula ,,
puta,,
puto,,
puxa-saco,,
puxasaco,,
rabao,,
rab?o,,
rabo,,
rabuda,,
rabudao,,
rabund?o,,
rabudo,,
rabudona,,
racha,,
rachada,,
rachadao,,
rachad?o,,
rachadinha,,
rachadinho,,
rachado,,
ramela,,
remela,,
retardada,,
retardado,,
ridicula,,
ridícula,,
rola,,
rolinha,,
rosca,,
sacana,,
safada,,
safado,,
sapatao,,
sapat?o,,
sifilis,,
sífilis,,
siririca,,
tarada,,
tarado,,
testuda,,
tezao,,
tez?o,,
tezuda,,
tezudo,,
trocha,,
trolha,,
troucha,,
trouxa,,
troxa,,
vaca,,
vagabunda,,
vagabundo,,
veada,,
veadao,,
veado,,
viada,,
viado,,
viadao,,
xavasca,,
xexeca,,
xibiu,,
xibumba,,
xota,,
xochota,,
xoxota,,
xana,,
xaninha,,
sexo,,
sex,,
filhodaputa,,
filho da puta,,
putao,,
putasso,,
pederasta,,
2girls1cup,,
rentafuck,,
shortfuck,,
skeet,,
slutwhore,,
arsch,,
arse,,
arseholes,,
blowjob,,
slutbag,,
sluts,,
slutt,,
slutting,,
slutty,,
slutwear,,
blow job,,
bougnoul,,
bullshit,,
buttfuck,,
buttfucker,,
cabron,,
chink,,
chinky,,
co?o,,
cock sucker,,
cocksucker,,
shit,,
shits,,
dickhead,,
dick,,
cuzinho,,
Bixona,,
Sequico,,
4chan,,
,,
fucker,,
ebal,,
eblan,,
zaeb,,
zaebal,,
zaebali,,
zaebat,,
黄继光,,
董存瑞,,
邱少云,,
刘胡兰,,
江姐,,
白求恩,,
赵一曼,,
杨靖宇,,
方志敏,,
狼牙山五壮士,,
雷锋,,
焦裕禄,,
赖宁,,
S^光,,
邱少,,
⒑m,,
李大,,
w壹曼,,
罹赣,,
方I敏,,
狼牙山五咽,,
雷h,,
焦裕,,
,,
毛泽东,,
周恩来,,
刘少奇,,
朱德,,
彭德怀,,
林彪,,
刘伯承,,
陈毅,,
贺龙,,
聂荣臻,,
罗荣桓,,
叶剑英,,
李大钊,,
陈独秀,,
孙中山,,
孙文,,
孙逸仙,,
邓小平,,
陈云,,
江泽民,,
李鹏,,
朱F基,,
李瑞环,,
李岚清,,
胡锦涛,,
罗干,,
温家宝,,
吴邦国,,
曾庆红,,
贾庆林,,
黄菊,,
吴官正,,
李长春,,
吴仪,,
曹刚川,,
唐家璇,,
华建敏,,
陈至立,,
陈良宇,,
张德江,,
张立昌,,
俞正声,,
刘云山,,
张高丽,,
王乐泉,,
王刚,,
王兆国,,
刘淇,,
贺国强,,
李登辉,,
连战,,
陈水扁,,
宋楚瑜,,
吕秀莲,,
郁慕明,,
蒋介石,,
蒋中正,,
蒋经国,,
马英九,,
习近平,,
李克强,,
吴帮国,,
无帮国,,
无邦国,,
无帮过,,
瘟家宝,,
假庆林,,
甲庆林,,
假青林,,
离长春,,
习远平,,
袭近平,,
李磕墙,,
贺过墙,,
和锅枪,,
粥永康,,
轴永康,,
肘永康,,
周健康,,
粥健康,,
周小康,,
李肇星务,,
国务委员,,
国务院,,
中央委员,,
发改委,,
国家发展和改革委员会,,
发展和改革委员会,,
国家发展与改革委员会,,
发展与改革委员会,,
薄熙来,,
温家饱,,
温假饱,,
胡惊涛,,
习仲勋,,
华国锋,,
徐才厚,,
王立军,,
彭丽媛,,
令计划,,
布什,,
布莱尔,,
小泉,,
纯一郎,,
萨马兰奇,,
安南,,
阿拉法特,,
普京,,
默克尔,,
克林顿,,
里根,,
尼克松,,
林肯,,
杜鲁门,,
赫鲁晓夫,,
列宁,,
斯大林,,
马克思,,
恩格斯,,
金正日,,
金日成,,
萨达姆,,
胡志明,,
西哈努克,,
希拉克,,
撒切尔,,
阿罗约,,
曼德拉,,
卡斯特罗,,
富兰克林,,
华盛顿,,
艾森豪威尔,,
拿破仑,,
亚历山大,,
路易,,
拉姆斯菲尔德,,
劳拉,,
鲍威尔,,
奥巴马,,
奥马尔,,
柴玲,,
达赖喇嘛,,
江青,,
张春桥,,
姚文元,,
王洪文,,
东条英机,,
希特勒,,
墨索里尼,,
冈村秀树,,
冈村宁次,,
高丽朴,,
赵紫阳,,
王丹,,
沃尔开西,,
李大师,,
赖昌星,,
马加爵,,
班禅,,
额尔德尼,,
山本五十六,,
阿扁,,
阿扁万岁,,
热那亚,,
热比娅,,
尖阁列岛,,
实际神,,
东方闪电,,
全能神,,
安倍晋三,,
金正恩,,
恐怖组织,,
买毒品,,
卖毒品,,
茉莉花,,
钓鱼岛,,
钓鱼岛不属于中国,,
突尼斯,,
新闻出版总署,,
新闻出版署,,
处女,,
房事,,
押大,,
押小,,
坐台,,
猥亵,,
猥琐,,
肉体,,
排泄,,
卵子,,
西藏事件,,
新疆事件,,
新疆国,,
党中央,,
新闻管制,,
一边一国,,
两国论,,
分裂中国,,
革命,,
国内动态详情,,
回回,,
六四运动,,
美国之音,,
密宗,,
民国,,
民进党,,
民运,,
民主,,
民主潮,,
摩门教,,
纳粹,,
南华早报,,
南蛮,,
明慧网,,
起义,,
亲民党,,
瘸腿帮,,
人民报,,
法轮功,,
法轮大法,,
打倒共产党,,
台独万岁,,
圣战,,
示威,,
台独,,
台独分子,,
台联,,
台湾民国,,
台湾岛国,,
台湾国,,
台湾独立,,
太子党,,
天安门事件,,
屠杀,,
新党,,
新疆独立,,
新疆分裂,,
疆独,,
西藏独立,,
西藏分裂,,
西藏国,,
藏独,,
藏青会,,
藏妇会,,
学潮,,
学运,,
一党专政,,
一中一台,,
两个中国,,
一贯道,,
游行,,
造反,,
镇压,,
政变,,
政治,,
政治反对派,,
政治犯,,
中共,,
共产党,,
反党,,
政府,,
民主党,,
中国之春,,
转法轮,,
共党,,
苏家屯,,
基地组织,,
塔利班,,
东亚病夫,,
支那,,
高治联,,
高自联,,
专政,,
专制,,
世界维吾尔大会,,
核工业基地,,
核武器,,
铀,,
原子弹,,
氢弹,,
导弹,,
核潜艇,,
大参考,,
小参考,,
国内动态清样,,
全能教,,
新疆恐怖,,
台湾政府,,
新疆势力,,
新疆恐怖势力,,
新疆万岁,,
新疆,,
占中,,
占领中环,,
释迦牟尼,,
阿弥陀佛,,
多维,,
河殇,,
穆罕默德,,
耶和华,,
耶稣,,
伊斯兰,,
真主安拉,,
白莲教,,
天主教,,
基督教,,
东正教,,
大法,,
法轮,,
真理教,,
走向圆满,,
黄大仙,,
跳大神,,
神汉,,
神婆,,
大卫教,,
阎王,,
黑白无常,,
牛头马面,,
高丽棒子,,
蒙古鞑子,,
老毛子,,
回民吃猪肉,,
回民都是猪,,
古柯碱,,
谋杀,,
杀人,,
吸毒,,
贩毒,,
赌博,,
拐卖,,
走私,,
卖淫,,
强奸,,
轮奸,,
抢劫,,
先奸后杀,,
押注,,
下注,,
抽头,,
坐庄,,
赌马,,
赌球,,
筹码,,
老虎机,,
轮盘赌,,
可卡因,,
摇头丸,,
鸦片,,
罂粟,,
迷幻药,,
白粉,,
嗑药,,
冰粉,,
牛比,,
小姐兼职,,
交媾,,
黄片,,
交配,,
性事,,
偷窥,,
马拉戈壁,,
AIDS,,
屙,,
爱滋,,
淋病,,
梅毒,,
爱液,,
逼,,
臭机八,,
臭鸡巴,,
吹喇叭,,
吹箫,,
催情药,,
肛门,,
龟头,,
机八,,
机巴,,
鸡八,,
鸡巴,,
机掰,,
鸡叭,,
鸡鸡,,
鸡掰,,
鸡奸,,
奸,,
茎,,
尻,,
滥交,,
乱交,,
嫖娼,,
强奸犯,,
乳峰,,
乳头,,
乳晕,,
三陪,,
威而钢,,
威而柔,,
伟哥,,
性高潮,,
颜射,,
阳物,,
阴部,,
阴唇,,
阴道,,
阴蒂,,
阴核,,
阴户,,
阴茎,,
阴门,,
淫,,
淫秽,,
淫乱,,
淫汁,,
淫穴,,
淫洞,,
援交妹,,
做爱,,
梦遗,,
阳痿,,
早泄,,
奸淫,,
他命,,
笨蛋,,
变态,,
操她妈,,
操妈,,
操你,,
操你妈,,
操他妈,,
H,,
册那,,
侧那,,
测拿,,
蠢猪,,
荡妇,,
发骚,,
废物,,
干她妈,,
干,,
干娘,,
干你,,
干你妈,,
干你妈B,,
干你妈逼,,
干你娘,,
干他妈,,
狗娘养的,,
贱货,,
贱人,,
烂人,,
老母,,
老土,,
妈比,,
妈的,,
马的,,
老母的,,
娘的,,
你妈逼,,
破鞋,,
仆街,,
去她妈,,
去的,,
去妈,,
去你的,,
去你妈,,
去死,,
去他妈,,
日你,,
赛她娘,,
赛娘,,
赛你娘,,
赛他娘,,
骚货,,
傻子,,
上,,
上你,,
神经病,,
屎,,
屎娘,,
屎你娘,,
他妈的,,
王八蛋,,
乡巴佬,,
猪猡,,
尿,,
,,
骑你,,
湿了,,
操他,,
操她,,
骑他,,
骑她,,
欠骑,,
欠人骑,,
来爽我,,
来插我,,
干他,,
干她,,
干死,,
干爆,,
干机,,
机叭,,
臭鸡,,
臭机,,
烂鸟,,
览叫,,
阳具,,
肉壶,,
摸咪咪,,
干鸡,,
干入,,
爽你,,
干干,,
干X,,
他干,,
干它,,
干,,
干您,,
干汝,,
干林,,
操林,,
干尼,,
操尼,,
我咧干,,
干勒,,
干我,,
干到,,
干啦,,
干爽,,
欠干,,
狗干,,
我干,,
来干,,
轮干,,
轮流干,,
干一干,,
奸暴,,
再奸,,
我奸,,
奸你,,
奸他,,
奸她,,
奸一奸,,
淫湿,,
鸡歪,,
臭西,,
遗精,,
烂逼,,
大血比,,
叼你妈,,
靠你妈,,
戳你,,
逼你老母,,
挨球,,
草拟妈,,
卖逼,,
狗操卖逼,,
日死,,
奶娘,,
他娘,,
她娘,,
骚B,,
你妈了妹,,
逼毛,,
插你妈,,
叼你,,
渣波波,,
嫩b,,
slut,,
缔顺,,
帝顺,,
蒂顺,,
系统消息,,
午夜,,
看下,,
草泥马,,
法克鱿,,
雅蠛蝶,,
潜烈蟹,,
菊花蚕,,
尾申鲸,,
吉跋猫,,
搞栗棒,,
吟稻雁,,
达菲鸡,,
3P,,
群P,,
马勒戈壁,,
双飞,,
你奶奶,,
你祖宗,,
周恩,,
碡,,
籀,,
朱E,,
朱狨基,,
朱溶剂,,
朱熔基,,
邾,,
猪操,,
猪聋畸,,
猪毛,,
猪毛1,,
舳,,
瘃,,
躅,,
翥,,
Ｕ,,
颛,,
丬,,
隹,,
窀,,
卓伯源,,
倬,,
斫,,
诼,,
髭,,
鲻,,
子宫,,
秭,,
訾,,
自民党,,
自已的故事,,
自由民主论坛,,
总理,,
偬,,
诹,,
陬,,
鄹,,
鲰,,
躜,,
缵,,
作爱,,
作秀,,
阼,,
祚,,
阿扁fq,,
阿R娜,,
啊o卵,,
埃Y克K特勤,,
埃斯f,,
艾z,,
圩,,
圩滩,,
,,
暗黑法,,
S,,
W克拉,,
W拉德,,
W利弗,,
W奇,,
W,,
W特m,,
巴侍,,
巴坦,,
白立,,
白,,
白皮,,
班U,,
石商人,,
保,,
U戈,,
U彤,,
U伊,,
暴L亡`,,
暴y,,
暴岬鹗,,
暴躁的城塔野F,,
暴躁的警l兵`魂,,
暴躁的R杜克,,
北大三角地,,
北n,,
北京局,,
北美自由,,
尤,,
x,,
逼,,
比,,
,,
R,,
s,,
婊子B的,,
e周,,
冰後,,
博,,
不绲弁,,
不爽不要X,,
布R,,
布雷,,
蔡崇,,
蔡芳,,
o,,
操,,
操那B,,
操那岜,,
操那岜,,
操你,,
曹L青,,
草你,,
草M,,
册那娘I比,,
插那B,,
插那岜,,
插那岜,,
插你,,
插你,,
,,
r,,
,,
,,
L官沙塔特,,
常,,
朝r,,
,,
雠,,
沉睡Dv,,
炳基,,
博志,,
定南,,
建,,
景俊,,
菊,,
,,
蒙,,
破空,,
唐山,,
小同,,
宣良,,
W},,
一J,,
y,,
R,,
Z,,
,,
,,
程P,,
程F,,
|,,
痴F,,
痴拈,,
tg的Dv,,
持不同政,,
赤色T士,,
赤色鹗,,
女膜,,
魅拘圆,,
吹,,
春夏自由,,
戳那B,,
戳那岜,,
戳那岜,,
,,
z,,
eB,,
e逼,,
e比,,
e那B,,
e那岜,,
e那岜,,
_夫警l兵,,
_夫侍,,
_],,
打wC,,
大|,,
大|共s,,
大巴,,
大o元新W,,
大o@,,
大家,,
大奶,,
大史,,
大史o,,
大l教,,
大中,,
大中A,,
大\真人真事,,
H,,
戴S教,,
戴相,,
劾,,
,,
,,
I`犯,,
德S,,
登x,,
笑,,
e,,
迪Y夏提,,
],,
地下教,,
帝主x,,
流氓,,
叼你,,
~u,,
|北立,,
|部地下水路,,
|方tr空,,
|方r空,,
|南西北,,
|社,,
|升,,
|l,,
|l英C,,
|突暴,,
|突立,,
|土耳其斯坦,,
|西南北,,
|,,
|院看守,,
Y士哈夫拉K,,
Y士霍克,,
裁,,
裁政治,,
夫,,
立_,,
俄,,
b,,
l楞,,
l,,
l喙,,
l,,
l功,,
l,,
l,,
l公,,
l功,,
l},,
法~,,
法~S,,
法~],,
法~,,
法卡,,
法,,
法喙,,
法,,
法S,,
法],,
法大法,,
法十十功,,
法,,
法功,,
反封i,,
反封i技g,,
反腐≌,,
反人,,
反社,,
方钪,,
防l指]官,,
放,,
wP,,
U墟守o者,,
M泰,,
M良勇,,
分L施蒂文,,
粉太平,,
S便,,
a,,
S的果,,
L雨神州,,
L雨神州,,
封牡,,
封,,
封印的`魂T士,,
T|海,,
T素英,,
,,
L,,
`,,
傅作x,,
bi,,
直,,
直,,
值哪,,
,,
炙,,
帜,,
帜憷媳,,
帜憷夏,,
帜隳,,
秩家,,
炙,,
炙滥,,
炙,,
忠患,,
s你娘,,
n,,
比,,
比幼,,
哨士兵,,
高棒子,,
高文t,,
高薪B廉,,
高自,,
膏旗,,
戈瑞德,,
戈P,,
歌功德,,
格雷(P卡排名管理者),,
格,,
格(城移),,
,,
工自,,
弓m,,
共b,,
共bh,,
共b主x,,
共h,,
共,,
共s圈,,
,,
狗\,,
狗狼B的,,
狗娘B的,,
狗B,,
M,,
,,
古祭,,
骨{,,
A,,
,,
,,
P卓中,,
通O法,,
V,,
,,
鹤,,
公,,
O子,,
投,,
,,
i,,
L那,,
L那B,,
L那徨e比,,
L那崂媳,,
L那嵛帘,,
,,
J,,
郭俊,,
郭_基,,
郭岩A,,
家安全,,
家C密,,
,,
\,,
哈_尼,,
,,
n|方,,
n潮,,
n正,,
h奸,,
,,
,,
河,,
R强,,
R,,
黑社,,
黑手h,,
t^,,
t色恐怖,,
t炎猛F,,
洪,,
洪d,,
洪哲,,
Z,,
c,,
胡o掏,,
胡\滔,,
胡\淘,,
胡景,,
胡,,
湖岸ol兵,,
湖岸警l兵,,
湖岸哨兵L,,
o法,,
I,,
A建敏,,
A通r事,,
A夏文摘,,
AZ世界,,
A岳r事,,
烟,,
D,,
皇,,
S伯源,,
S慈萍,,
S,,
Sx,,
S金幼,,
S翔,,
Sx交,,
S仲生,,
回民暴,,
,,
D,,
绮奖,,
珧T士,,
缟涫,,
昏迷Dv,,
混y的Dv,,
x,,
舻Dv,,
的Dv,,
八,,
巴,,
吧,,
,,
奸,,
毛信文R,,
女,,
院,,
姬俚,,
e克^,,
},,
q,,
Z廷安,,
Z育台,,
,,
O塔,,
O塔哨兵,,
O塔哨兵L,,
,,
d,,
肇,,
建h,,
vbi,,
v逼,,
vN,,
江八c,,
江_,,
江d恒,,
江t民,,
江\,,
K春,,
t民,,
僵\,,
僵\民,,
v法,,
Y介石,,
Y中正,,
降低命中的Dv,,
u猪媳,,
,,
狡猾的_夫,,
C健的R努,,
,,
教B院,,
X,,
揭批,,
,,
她,,
届中央政治局委T,,
金不倒,,
金蛉,,
金沙,,
,,
\,,
文,,
血,,
o候佳,,
G棘ol兵,,
靖神社,,
f斗篷哨兵,,
e,,
巨槌T兵,,
巨F角哈克,,
X通道被z弃的骷t,,
X通道骷t,,
,,
,,
^望之地,,
H,,
妓,,
_放s志,,
PW勒尼什,,
P本,,
P雷斯,,
P特切,,
砍翻一l街,,
看中,,
R,,
靠你,,
柯n海,,
柯建,,
科R,,
克R恩,,
克R特,,
克谏,,
客舴,,
~,,
空饩`,,
空的伊坤,,
空之地,,
恐怖主x,,
g,,
,,
\文,,
L,,
昆D,,
拉姆斯菲德,,
拉皮l,,
R特,,
士葆,,
m迪,,
B,,
逼,,
比,,
袋,,
,,
EB,,
E逼,,
E比,,
E,,
E交,,
咏甜B所,,
诟,,
诮,,
,,
雷尼,,
C,,
李t痔,,
李洪,,
李m菊,,
李老,,
李,,
李,,
李c安,,
李cA,,
李淑,,
李旺,,
李月月B,,
李志,,
李理,,
李y,,
Y菲斯,,
k,,
],,
V,,
Y,,
B方r,,
B惠心,,
B俚,,
B傥,,
B,,
,,
廉政大,,
功,,
砂蛾PS,,
砂度地,,
中,,
,,
蟮,,
新,,
廖a,,
林保A,,
林L盛,,
林佳,,
林信x,,
林正,,
林重,,
k,,
Rh,,
①e深,,
①e雁,,
,,
P,,
⒖,,
P中,,
⑶石,,
⑶,,
⑸角,,
⑹抠t,,
⑽,,
⑽男,,
圆,,
灾,,
⒂来,,
w,,
虎豹,,
火之心,,
R卡,,
R西德,,
委,,
`,,
尉┗,,
涡闵,,
y,,
s,,
喙,,
功,,
大,,
管理T,,
_福助,,
_,,
_Y,,
_文嘉,,
_志明,,
T,,
T,,
洛克菲特,,
B,,
比,,
的,,
批,,
R大S,,
R克思,,
R良E,,
R三家,,
Rr敏,,
R特斯,,
R英九,,
R永成,,
,,
雅,,
岬,,
,,
克斯,,
u逼,,
u比,,
u,,
u},,
u淫,,
m,,
毛洞,,
毛\,,
毛\|,,
美,,
美⒖,,
美佬,,
蒙,,
蒙古_子,,
蒙古,,
蒙古立,,
[,,
d,,
d恒,,
w,,
民,,
民Mh,,
民,,
民意,,
民,,
民主,,
,,
,,
,,
摸你巴,,
莫デ,,
木子,,
纫,,
那B,,
那岜,,
那徨e比,,
那崂媳,,
那嵛帘,,
那娘e比,,
{粹,,
奶^,,
南大自由,,
南U子,,
[事,,
能,,
尼W夫,,
倪育t,,
F,,
你,,
你逼,,
你比,,
你了妹,,
你f我f,,
你,,
娘I比,,
捏你巴,,
z著n,,
z著卵,,
奴`魔族士兵,,
女,,
女主人_姬R莉,,
,,
Z姆,,
潘平,,
,,
建,,
泡沫,,
\,,
你,,
皮l客,,
`,,
,,
D,,
R墨,,
RZ,,
T你,,
,,
L,,
j,,
X_,,
X梁,,
d,,
,,
,,
桃,,
蚯忠u兵,,
S,,
X,,
D,,
H美,,
H民h,,
J本立,,
禽F,,
w,,
p舟快,,
情D,,
情F,,
,,
ct,,
丘垂,,
x,,
去你的,,
,,
全,,
全人大,,
J,,
瘸腿,,
,,
你操,,
岜I,,
嵴菊W,,
人民大堂,,
人民惹檎嫦,,
人民真,,
人民之,,
人,,
日本帝,,
日,,
日韧呓鹑,,
日你,,
日朱E,,
曰本帝国,,
曰本皇军,,
曰本万岁,,
曰军,,
,,
乳,,
瑞士金融大W,,
__姆,,
三Kh,,
三代表,,
三去龉ち,,
,,
R,,
}棒,,
}包,,
}棍,,
},,
},,
}卵,,
⒛闳家,,
⒛阋患,,
⑷朔,,
傻B,,
山口M,,
善河,,
上L,,
上海,,
上海孤涸,,
,,
社主x,,
射了f要,,
,,
,,
神病,,
,,
生孩子]屁眼,,
生命分流的Dv,,
,,
}射手,,
},,
盛A仁,,
窳诉f不要,,
窳诉f要,,
,,
X,,
石化Dv,,
石拳痿Y兵,,
r代,,
r事,,
,,
史R姆,,
史R姆王,,
士兵管理T瓦臣,,
世界,,
事立,,
侍呢赫特,,
侍斯f,,
B,,
d,,
中,,
p十,,
氵去龉ち,,
氵去龉ち?,,
力,,
司R晋,,
司R璐,,
司徒A,,
私?服,,
私,,
思科_,,
斯Z,,
斯皮德,,
四川,,
四川立,,
四人,,
宋元,,
,,
K菲,,
K拉,,
K南成,,
KB智,,
K特勒守o兵,,
K特勤,,
K特勤ol兵,,
K特勤魔法,,
K钥,,
K盈F,,
K昌,,
r,,
碎片u造商人R克,,
碎片u造商人K克,,
O大千,,
O中山,,
他,,
他的,,
他岬,,
他母H,,
塔,,
塔,,
,,
Y,,
_盟,,
_车,,
_唱立,,
_唱,,
_彻伯bh,,
_彻,,
_辰\咏M,,
_趁,,
_城嗄戟立盟,,
_痴^,,
_匙杂陕盟,,
T,,
太O,,
泰奴蚓l兵,,
泰奴蚵Z者,,
光中,,
唐柏,,
,,
`,,
天安T,,
天安T影,,
天安T屠,,
天安T一代,,
天,,
f,,
,,
,,
庭院警l兵,,
y,,
y,,
y,,
^IWR,,
^I墓管理T,,
D管理T卡特,,
屠,,
FL戈登,,
FTR汀,,
,,
,,
X,,
e,,
外交,,
外交c方略,,
晚年周恩,,
U,,
f南,,
fSx者,,
f|,,
王森,,
王超A,,
王o臣,,
王涵f,,
王,,
王,,
王生,,
王世,,
王世,,
王秀,,
WU,,
W特,,
猥C,,
B,,
乇,,
乇,,
卦P,,
,,
前僖,,
嵌亓x,,
欠匠,,
呛脒_,,
呛赀_,,
侨嗜A,,
鞘缯,,
WN,,
W璨,,
怯升,,
侵痉,,
西藏,,
吸收的Dv,,
吸血F,,
,,
洗X,,
系y,,
系y公告,,
q,,
S,,
W,,
],,
r族,,
,,
,,
s,,
I祭的Dv,,
,,
颜\,,
小吉,,
^,,
小B,,
小比,,
小⒖,,
小,,
小`通,,
小泉一郎,,
xL廷,,
x深山,,
xxE,,
x中之,,
辛年,,
新^察,,
新Ae,,
新A惹,,
新A通,,
新疆,,
新手I,,
新出版署,,
新封i,,
新x安,,
新Zz,,
信用危C,,
邢P,,
性o能,,
修,,
,,
弱Dv,,
o的食者,,
徐舅,,
S利,,
S家屯,,
S信良,,
X,,
薛,,
W潮,,
W,,
W\,,
W自,,
,,
狗,,
,,
兰移,,
兰异,,
明},,
清,,
c章,,
射,,
,,
央炔客,,
痿,,
物,,
寻,,
罱利,,
钗,,
钤虑,,
钪,,
姚_,,
姚月t,,
U,,
材商人K耐得,,
水,,
耶d,,
野,,
~菊m,,
夜紫禁城,,
一陀S,,
伊莎,,
伊斯m,,
伊斯m格林尼斯,,
z精,,
hL阿茵斯塔,,
hT斯格文德,,
异人士,,
异型叛,,
异h人士,,
易丹,,
意志不缘Dv,,
,,
唇,,
蒂,,
T,,
囊,,
水,,
淫,,
尹c民,,
[者之路,,
眼派氏族,,
硬直Dv,,
nd的艾拉,,
尤比,,
由喜F,,
游的僵尸,,
游的士兵,,
游爪牙,,
游a坤,,
游蚬芾T,,
友好的德,,
幼X,,
幼,,
于幼,,
余英r,,
O夫菲斯曼,,
,,
反制,,
,,
宇明W,,
r,,
,,
O,,
元老m提(沃德）,,
AM,,
圈圈,,
h志明,,
月,,
y,,
sN,,
Y,,
造,,
t民,,
衩,,
煞,,
擅,,
,,
\民,,
P,,
扎卡S是英雄,,
,,
伯笠,,
博雅,,
,,
健,,
林,,
清芳,,
,,
佞,,
昭富,,
志清,,
章孝,,
ぬ,,
~,,
招,,
w海青,,
w建,,
w南,,
w品潞,,
w晕,,
操,,
,,
Q,,
正xh,,
I,,
清,,
文,,
x,,
N,,
源,,
\i,,
政,,
政治反ε,,
{,,
U,,
指c江山,,
s,,
z,,
W,,
中毒的Dv,,
中毒Dv,,
中俄界,,
中团d,,
中共bh,,
中孤涸,,
中和平,,
中,,
中社M步h,,
中社,,
中},,
中移油ㄐ,,
中真热,,
中之春,,
中猪,,
中A大地,,
中A大\,,
中Av清,,
中A民,,
中A人民f,,
中A人民正邪,,
中Ar事,,
中AB生益智功,,
中A真蟮,,
中央_,,
山L雨,,
周hi,,
周守,,
朱P芝,,
朱立,,
朱溶,,
Z,,
猪@畸,,
主攻指]官,,
主x,,
助手威特,,
Ｖ,,
,,
D化,,
,,
,,
子m,,
自民h,,
自由民主,,
,,
O,,
g,,
y,,
胡总书记,,
胡景涛,,
大纪元,,
大纪元新闻网,,
燕玲论坛,,
煞笔,,
她妈,,
牛逼,,
装逼,,
装B,,
日你妈,,
不玩了,,
删号,,
卖号,,
删 号,,
妈逼,,
草你妈,,
jodido,,
follado,,
出售账号,,
出售此号,,
carajo,,
carajos,,
吗的,,
8仙,,
狗日,,
出售神符,,
*李*洪*志*阿扁,,
阿拉,,
安全局,,
澳洲光明网,,
八九风波,,
办理文凭,,
办理证件,,
包皮,,
保钓,,
保监会,,
保密局,,
鸨,,
鲍岳桥,,
暴动,,
暴乱,,
暴徒,,
北京之春,,
贝肉,,
本?拉登,,
苯比,,
笨,,
笨逼,,
旅,,
逼样,,
比毛,,
婊,,
宾周,,
波霸,,
博讯,,
布雷尔,,
财政部,,
参事室,,
操比,,
操蛋,,
乱伦,,
茉莉花革命,,
操你八辈祖宗,,
操你妈,,
草的你妈,,
草妈,,
测绘局,,
插,,
插深些,,
产权局,,
朝鲜,,
车臣,,
车仑,,
陈功,,
陈希同,,
陈晓宁,,
成人电影,,
成人片,,
吃大便,,
吃屎,,
迟浩田,,
赤匪,,
抽你丫的,,
臭化西,,
出售假币,,
出售枪支,,
春药,,
粗制吗啡,,
达赖,,
打炮,,
大逼,,
大便,,
大波波,,
大麻树脂,,
大麻油,,
大师,,
戴维教,,
大学骚乱,,
呆卵,,
戴海静,,
戴红,,
戴晶,,
党主席,,
档案局,,
盗窃犯,,
道教,,
帝国主义,,
电监会,,
7,,
硼,,
琶,,
,,
牌,,
盼,,
钓鱼台,,
丁关根,,
丁子霖,,
东北独立,,
东升,,
东突,,
东突暴动和独立,,
东突组织,,
董建华,,
董贱华,,
董文华,,
懂文华,,
独立,,
独立台湾会,,
二,,
二逼,,
二乙基酰胺发抡,,
发抡功,,
发伦,,
发伦功,,
发轮,,
发论,,
发论公,,
发论功,,
法(轮)功,,
法功,,
法愣,,
法仑,,
法西斯,,
法制办,,
反动,,
反革命,,
发票,,
反华,,
反恐委员会,,
反日,,
分裂祖国,,
佛教,,
佛展千手法,,
佛祖,,
斧头镰刀,,
阝月,,
傅鹏,,
傅作义,,
干GM,,
干拎娘,,
干老母,,
干妈,,
干七八,,
干死你,,
肛,,
港澳办,,
高俊,,
高校暴乱,,
高校群体事件,,
高校骚乱,,
睾,,
睾丸,,
膏药旗,,
弓虽女干,,
公安,,
公安部,,
公安局,,
共产主义,,
狗b,,
狗卵,,
狗娘,,
狗屁,,
狗屎,,
观世音,,
官商勾结,,
龟儿子,,
龟公,,
龟孙子,,
国安局,,
国防部,,
国防科工委,,
国管局,,
国际法院,,
国家民委,,
国家主席,,
国家主要部委,,
国民党,,
国民党万岁,,
海洋局,,
何候华,,
黑社会,,
黑手党,,
红卫兵,,
洪兴,,
洪志,,
后庭,,
胡紧涛,,
胡紧掏,,
胡紧套,,
胡锦淘,,
胡乔木,,
胡主席,,
花柳,,
换妻,,
黄 菊,,
黄色电影,,
黄色小电影,,
回教,,
回民暴动,,
回族人吃猪肉,,
昏药,,
火棒,,
鸡芭,,
基督,,
激情电影,,
激情小电影,,
计牌软件,,
计生委,,
妓,,
妓院,,
奸夫淫妇,,
贱,,
贱逼,,
江八,,
江八点,,
江独裁,,
江核心,,
江戏子,,
江择民,,
江贼民,,
江折民,,
江猪,,
江猪媳,,
江主席,,
僵贼民,,
酱猪媳,,
交通部,,
姣西,,
叫鸡,,
叫小姐,,
教育部,,
她妈的金日成,,
禁书,,
经济社会理事会,,
经社理事会,,
警匪一家,,
敬国神社,,
靖国神社,,
静坐,,
纠察员,,
鸠,,
鸠屎,,
军长发威,,
军国主义,,
军妓,,
靠腰,,
可待因,,
可卡叶,,
恐怖份子,,
恐怖主义,,
寇晓伟,,
狂操你全家,,
拉登,,
懒教,,
烂B,,
烂,,
烂比,,
烂,,
烂货,,
劳+教+所,,
劳动保障部,,
老逼,,
黎阳评,,
李弘旨,,
李红志,,
李宏旨,,
李山,,
李铁映,,
联大,,
联合国,,
联合国大会,,
联易,,
联易互动,,
粮食局,,
两腿之间,,
林业局,,
刘 淇,,
刘军,,
流氓,,
六.四,,
六。四,,
六-四,,
六四真相,,
龙新民,,
旅游局,,
轮功,,
罗 干,,
骡干,,
妈卖妈屁,,
妈批,,
妈祖,,
妈B,,
麻醉钢枪,,
麻醉枪,,
麻醉药,,
马卖马屁,,
吗啡,,
吗啡碱,,
吗啡片,,
买财富,,
买卖枪支,,
麦角酸,,
卖.国,,
卖比,,
卖财富,,
卖党求荣,,
卖国,,
卖国求荣,,
卖卡,,
卖软件,,
毛厕洞,,
毛一鲜,,
毛贼东,,
毛主席,,
梅花网,,
美国佬,,
美利坚,,
蒙尘药,,
蒙独,,
蒙古达子,,
蒙古独立,,
迷魂药,,
迷奸药,,
迷歼药,,
迷药,,
密洞,,
民航局,,
民政部,,
莫索里尼,,
穆斯林,,
妈的,,
马的,,
南联盟,,
南蛮子,,
寐,,
你爸,,
你大爷,,
你二大爷,,
你老母,,
你老味,,
你姥,,
你姥姥的,,
你妈,,
你妈的,,
你娘,,
你爷爷的,,
鸟你,,
农业部,,
虐待,,
拍肩神药,,
喷你,,
皮条,,
嫖客,,
苹果日报,,
气象局,,
钱其琛,,
枪决女犯,,
枪决现场,,
枪支弹药,,
强卫,,
强效失意药,,
强硬发言,,
乔石,,
侨办,,
切七,,
窃听器,,
窃听器材,,
青天白日,,
去你妈的,,
全国人大,,
人大,,
人大代表,,
人代会,,
人弹,,
人民大会堂,,
人民广场,,
人民日报,,
人民银行,,
人体炸弹,,
日GM,,
日X妈,,
日本RING,,
日本鬼子,,
日你娘,,
日他娘,,
肉壁,,
肉缝,,
肉棍子,,
乳,,
乳波臀浪,,
撒尿,,
塞白,,
塞你爸,,
塞你公,,
塞你老母,,
塞你老师,,
塞你母,,
塞你娘,,
三个呆婊,,
三个代婊,,
三级片,,
三民主义,,
三陪女,,
三去车仑,,
三唑仑,,
骚,,
骚逼,,
色情电影,,
色情服务,,
色情小电影,,
杀人犯,,
傻,,
傻吊,,
傻卵,,
商务部,,
社科院,,
身份生成器,,
神通加持法,,
生鸦片,,
圣女峰,,
十八摸,,
十年动乱石进,,
食捻屎,,
食屎,,
驶你爸,,
驶你公,,
驶你老母,,
驶你老师,,
驶你母,,
驶你娘,,
是鸡,,
受虐狂,,
售号,,
售软件,,
双峰微颤,,
氵去,,
水利部,,
水去车仑,,
税务总局,,
司法部,,
私服,,
私/服,,
私-服,,
私―服,,
四川独立,,
四人帮,,
宋祖英,,
他爹,,
他妈,,
他马的,,
他母亲,,
他祖宗,,
台办,,
台湾党,,
台湾帝国,,
台湾共产党,,
台湾共和国,,
台湾狗,,
太监,,
天皇陛下,,
田纪云,,
舔西,,
投毒杀人,,
透视软件,,
外 挂,,
外挂,,
外/挂,,
外_挂,,
外-挂,,
外―挂,,
外汇局,,
外交部,,
外专局,,
晚年周恩来,,
万税,,
王宝森,,
王昊,,
王太华,,
网管,,
卫生部,,
温加宝,,
温家保,,
温馨,,
温总理,,
文物局,,
倭国,,
倭寇,,
我操你,,
我老爸,,
无界浏览器,,
吴 仪,,
五星红旗,,
希望之声,,
洗脑班,,
系统公告,,
系统讯息,,
鲜族,,
想上你,,
小鸡鸡,,
小泉纯一郎,,
小日本,,
小肉粒,,
小乳头,,
邪教,,
兴奋剂,,
性爱,,
性无能,,
徐光春,,
血逼,,
血腥图片,,
鸦片液,,
鸦片渣,,
烟草局,,
严方军,,
阳精,,
摇头玩,,
耶苏,,
夜情,,
一党专制,,
一国两制,,
伊拉克,,
伊朗,,
以茎至洞,,
抑制剂,,
阴毛,,
阴水,,
阴小撕大,,
淫荡,,
淫货,,
淫贱,,
淫毛,,
淫语连连,,
淫欲,,
英雄纪念碑,,
硬挺,,
邮政局,,
游戏发奖员,,
游戏宫理员,,
游戏管理员,,
舆论钳制,,
玉杵,,
欲火焚身,,
原子能机构,,
远程偷拍,,
曰你,,
月经,,
月经不调,,
扎卡维是英雄,,
杂种,,
扎卡维,,
张朝阳,,
张潮阳,,
张磊,,
张小平,,
侦探设备,,
中国恐怖组织,,
中华民国,,
中南海,,
中宣部,,
周总理,,
朱容鸡,,
朱总理,,
猪容基,,
主席,,
装,,
追查国际,,
子女任职名单,,
自杀手册,,
自杀指南,,
自制手枪,,
自治机关,,
宗教,,
总局,,
坐台的,,
操逼毛,,
垃圾游戏,,
烂游戏,,
淘宝,,
龙虎,,
虎门,,
龙 虎 门,,
战牌,,
街头对抗,,
混 沌决,,
两会,,
找小姐,,
高清成人电视棒,,
卖毕业证,,
美女裸体视频聊天室,,
兽兽门,,
偷窥视频,,
高仿真脸皮,,
东京热,,
蜜桃成熟时,,
高清晰假钞,,
刻假章,,
快播A片网,,
舆论,,
中央社,,
大傻,,
下身,,
搞基,,
约炮,,
撸管子,,
默罕默德,,
强暴幼女,,
ISIS,,
蔡英文,,
六四要平反,,
天安门&运动纪录片,,
档中央,,
挡中央,,
路月死日,,
柳丝建议书,,
柳丝真相,,
六4暴乱,,
六4大屠杀,,
六4风波,,
六4学潮,,
六4血案,,
六4真相,,
六月四日学潮,,
民运连环抄家,,
民主镇压,,
民族英雄韩俊波,,
平反六四,,
日记邓小平戒严,,
三十八军军长徐勤先,,
三十八L徐勤先,,
声援韩俊波英雄,,
四2六社论,,
岁月苍茫我与儿子王丹,,
坦克从学生身体上压过,,
天安六四,,
天安门风波,,
天安门六四,,
天安门虐杀,,
天安门平反,,
天安门屠夫,,
天安门学潮,,
天安门一九八九,,
天安门镇压,,
天安门自焚,,
天安TV錾媳,,
我的六四,,
乌尔开希,,
毋忘六四,,
吾_西,,
吾P西,,
五加一五减一事件,,
五加一五p一事件,,
五一七宣言,,
五月三十五日,,
徐勤先轶事,,
徐勤先W事,,
学潮录像,,
学潮事件,,
血洗天安门广场,,
血腥清场内幕,,
血腥,,
阳的最后思考,,
阳软禁中的谈话,,
一个解放军的一九八九,,
一解放的一九八九,,
一九八九暴动,,
一九八九动乱,,
一九八九年六月四日,,
一九八九天安门,,
先玲,,
镇压天安门,,
转型中国与紫阳,,
紫竹院公园静坐绝食,,
紫竹院公@o坐^食,,
1九八9全记录,,
部队杀人最多迷案,,
部⑷俗疃嗝园,,
邓小平公开信,,
小平公_信,,
高校自治联合会,,
高校自治合,,
工人自治联合会,,
工人自治合,,
广场上的热血视频,,
广场上的热血下载,,
侯|方,,
抗命将军徐勤先,,
抗命④徐勤先,,
八九暴乱,,
八九大屠杀,,
八九年学潮,,
八九血案,,
八九再回首,,
八九真相,,
八九政治,,
八平方事件,,
邓刽子手&学生,,
捌玖&学生,,
方励志,,
鹿死&事件,,
鹿死&玖,,
中国之春&散步,,
六肆真相,,
陆肆&&二十四周年,,
中华民国&统一大陆,,
腊肉&鞭尸,,
中华民国&光复大陆,,
中华民国&反攻大陆,,
中国正府&无能,,
中央领导&无能,,
六月四日&黑衣中国,,
腊肉&毛粪,,
腊肉&江青,,
4,,
八九&学生潮,,
八九&事件,,
天案门&世间,,
儿童节第三天,,
悼念&八平方,,
柳四&纪念,,
纪念&八平方,,
那年夏天&血腥的广场,,
维园&烛光,,
己巳年&五月初一,,
壹玖捌玖年陆月肆日,,
悼念⑥四,,
反平肆陆,,
四六反平,,
六四&平反,,
六四&纪念,,
六四&勿忘,,
六四&历史,,
六四屠夫,,
血腥镇压,,
侏儒之歌&天安门,,
陆肆,,
平反&⑥④,,
木子月月鸟,,
薛飞&杜宪,,
⑥四运动,,
平反&陆肆,,
纪念六四,,
平反&六肆,,
平反&陆四,,
春夏之交&政治风波,,
春夏之交&学生&动乱,,
五月三十五,,
六四&黑衫,,
贵阳&纪念&六四,,
邓&屠杀学生,,
tam&学生事件,,
六4&穿黑衣&散步,,
李鹏&陈希同&邓小平,,
各级府衙探望&头戴白巾,,
5月三十五,,
镇压&大学生,,
四君子&广场&学生,,
李鹏&叛徒,,
viiv纪念日,,
八九&学潮,,
六四&默哀,,
屠城图片&全览,,
红魔&器官移植&真相,,
盛世外衣&活摘&器官,,
天安门&路在何方,,
天安T&路在何方,,
八九民运,,
八九民\,,
八九事件,,
八九学潮,,
八九学运,,
八九W潮,,
八九W\,,
白衣行动,,
白衣行,,
鲍彤三点意见,,
大粽l先X,,
大梦谁先觉,,
邓小平镇压,,
二十四年前挡坦克,,
反革命暴乱,,
反革命暴y,,
逢九必乱,,
广场上的鲜血,,
V錾系孽r血,,
国家的囚犯,,
国家的囚徒,,
国家囚犯,,
国家囚徒,,
家的囚犯,,
家的囚徒,,
家囚犯,,
家囚徒,,
黑衣节,,
黑衣,,
侯东方,,
候德建,,
胡耀邦封杀,,
胡耀邦封,,
胡耀邦平反,,
记念六四,,
记忆的呼唤,,
纪念赵紫阳,,
念64,,
念六四,,
的呼,,
蒋捷连,,
蒋彦永,,
蒋彦咏,,
李红痔,,
李月月鸟日记,,
历史的大爆炸,,
v史的大爆炸,,
刘晓波,,
刘晓波获奖,,
刘亚洲,,
刘亚洲抗命,,
洲,,
洲抗命,,
柳丝事件,,
六四暴乱,,
六四大屠杀,,
六四风波,,
六四学潮,,
六四血案,,
六4事件,,
六四爱国运动,,
六四白皮书,,
六四白皮,,
六四挡坦克照片曝光腾讯网,,
六四动乱,,
六四二十四周年,,
六四公投,,
六四记录片,,
六四片,,
六四戒严部队,,
六四戒啦筷,,
六四李锡铭,,
六四李a,,
六四内部日记,,
六四内幕,,
六四难属,,
六四y,,
六四亲历记,,
六四日记,,
六四事件视频,,
六四事件中的戒严部队,,
六四视频,,
六四天安门,,
六四屠杀,,
六四文化祭,,
六四学生领袖,,
六四W潮,,
六四W生I袖,,
陆肆运动,,
四,,
肆,,
民\,,
平反&六四,,
钦立本,,
青年肉身挡坦克,,
全盘西化,,
全P西化,,
人民报首发,,
人民报消息,,
杀他个二十万换来二十年的安定团结,,
四二六社论,,
四二六社,,
岁月苍茫-我与儿子王丹,,
讨伐中宣部,,
伐中宣部,,
滕州男子感想,,
天安门大屠杀,,
天安门广场上悲剧,,
天安门流血,,
天安门录影带,,
天安门母亲,,
天安门时报,,
天安门坦克,,
天安门通讯,,
天安门屠杀,,
天安门文件,,
天安门血腥清场内幕,,
天安门一代,,
天安T大屠,,
天安T流血,,
天安T母H,,
天安Tr,,
天安T坦克,,
天按门事件,,
天按T事件,,
王丹公开信,,
王丹公_信,,
王丹主张,,
王丹主,,
乌尔开西,,
乌尔凯西,,
吾尔开西,,
吾尔开希,,
吾尔凯西,,
吾尔凯希,,
吾_希,,
吾P希,,
五三五,,
勿忘六四,,
学生挡坦克,,
学生运动,,
W生\,,
一九八九学潮,,
赵zi阳,,
赵紫阳的秘密,,
赵紫阳回忆录,,
赵紫阳软禁中的谈话,,
赵紫阳三头马车时代,,
赵紫阳研究文集,,
wzi,,
w紫回,,
政治风波,,
支持六四,,
坦克&学生,,
平反&学生,,
广场&血案,,
李鹏&军队,,
天安门&视频,,
肆&真相,,
旅日华人翰光&流亡,,
民主风筝运动,,
我的六四证词,,
六四暴徒访谈录,,
路求索&微信群同步D播&六哥四弟,,
宪路求索&微信群同步转播&六哥四弟,,
于浩成&门广场标语&民主中国,,
1989年天安门&邓小平一声令下&枪杀,,
今夜的亡`&那春天&被刺刀@,,
今夜的亡灵&那个春天&被刺刀惊吓,,
八九六四,,
二十七年前&坦克上街&六月那壹天&故事群,,
二十七年前&坦克上街&六月那一天&故事群,,
民\史&受害者&中政治犯&四受害者,,
民运史实&受害者&中国政治犯&四受害者,,
天安门前开口说&不吃不喝也不走&为真理活,,
天安T前_口f&不吃不喝也不走&檎胬砘,,
红色的列车&沉默的青年&月亮被遮盖,,
t色的列&沉默的青年&月亮被遮w,,
6月4日&黑衫行&民主D型,,
6月4日&黑衫行动&民主转型,,
今日百度&好蜷_&解禁六4,,
今日百度&好戏开锣&解禁六4,,
最I天安T&钌欣サ障&l生,,
天安门广场&镇压学生&戒严部队,,
天安TV&W生&戒啦筷,,
占领天安门&杨尚昆嫡系&发生枪战,,
占I天安T&钌欣サS&l生,,
а菔骁&没有太阳的日子&⑥④事件,,
导演舒琪&没有太阳的日子&⑥四事件,,
V錾显┗&罪旱&r血染t,,
广场上冤魂&罪恶的枪声&鲜血染红,,
六四事件&百f人上街&港人有家意R,,
六四事件&百万人上街&港人有国家意识,,
1989年六四事件,,
64屠&共&h人士,,
64屠杀&共军&异议人士,,
倒在V&白r衫&共K的冤魂,,
⑷诉\&六四被屠,,
倒在广场&白衬衫&共惨的冤魂,,
杀人运动&六四被屠杀,,
平息学潮&李鹏&绝食请愿,,
平息W潮&李i&^食,,
孺&近平局&人嗲址,,
对内镇压&习近平当局&人权侵犯,,
六四的&o辜的迫害,,
六四的枪声&无辜的迫害,,
八九六四&中共捱^苦^&蓊I,,
六四屠&香港人恐共&共A,,
胡春A的心腹&大瓤管&人事,,
胡春华的心腹&大内总管&人事变动,,
六4事件&天安Men屠夫&丶家族,,
六4事件&天安Men屠夫&温家宝家族,,
王岐山&会结束后&鸦雀无声&尿骚味,,
政协是花瓶&中共&微信上被禁,,
赵家狗&揭穿了习近平&权争本质,,
陈云之子&薄熙来&太子党&试图挤进,,
中共&否认支持&共青团中央&被打脸,,
我是坦克人&站在天安T,,
我是坦克人&站在天安门,,
六四&风波&戒严任务&伤亡,,
政治味道太浓&中共媒体&宣传掩盖事实,,
李克&最弱莸目理&中共政&重新洗牌,,
李克强&最弱势的总理&中共政坛&重新洗牌,,
习近平&军头架空&威胁中共,,
邓小平&六四重创&民意消沉,,
中纪委网站&放弃&权利和自由&网站被黑,,
六四纪念研讨会,,
徐明突然死&高层灭口&政商勾结,,
邓小平之短&学生运动&敌意,,
六四&学潮必须制止&不能开枪,,
胡耀邦的天真&六四&学潮,,
吾尔开希&八九学运,,
习近平&此言差&置于尴尬境地&疆独,,
央视&胡耀邦纪录&报道遭篡&头像不见,,
天安门广场&军事镇压&1989年,,
红包&64&土共,,
89年天安门&学生运动&镇压,,
姜勇和王宁&出任新职&近平掌控中共,,
八九後&政治\&民生V求&推土C,,
八九后&政治运动&民生诉求&推土机,,
曾庆红的心腹&宋林&泽熙&合作关系,,
矶崎新&什麽拥男蜗&家的建B,,
矶崎新&什么样的形象&国家的建筑,,
比^80年代&民主V求&左是W生\,,
比较80年代&民主诉求&左边是学生运动,,
二十六年前&螳臂踯&履Q,,
二十六年前&螳臂挡车&履带决,,
六四&下令开枪&杨尚昆,,
独掌大权&逼退邓小平&解决学潮,,
卷入学潮&不肯退休&邓小平的计划,,
一九八九年&天安门&学生游行,,
六四&二十六周年&纪念,,
o眠&26年前&走向V,,
无眠&26年前&走向广场,,
六四&声援内地&雨伞运动,,
六四&援鹊&雨氵\,,
幕后黑手&八九学运&做出辩护,,
幕後黑手&八九W\&做出qo,,
六四&新公民\&圆,,
六四&新公民运动&刘晓波,,
强硬反弹&央企高层&中南海当面交锋,,
_放式υ&示威群&g回李i,,
周永康&劝说胡锦涛&大事化小,,
赵紫阳&最后一次&亮相&停止绝食,,
64事件&镇压&严重,,
周永康&同盟协议&派系,,
六四&血腥&镇压,,
刘晓波&天安门广场&拒绝撤离,,
八九六四&江擅&局菥o,,
尸血横流&装甲车碾过&无数父母的悲痛,,
蒲M流&b甲碾^&o蹈改傅谋痛,,
八九六四&红皮书&屠杀,,
坦克开往红场&戒严的士兵&回家吧,,
赵紫阳&六四&屠杀,,
赵紫阳倒台&六四&李鹏,,
周恩来私生女&张艾蓓&孙维世,,
江泽民讨价还价&亲信贾庆林,,
政策层面&高压逃港&89那年,,
六四&坦克&碾压&天安门广场,,
纪念陆四&绝食&顾义民,,
中共高层&六四&极不寻常,,
孔庆东&妈妈我饿&六四,,
六月四日&镇压&政治风波,,
六四前&底片&天安门广场,,
杜宪&同情&学生&黑衣出镜,,
六四晚会&焚烧基本法&黄之锋,,
凭吊六四&亡灵&昭雪六四冤案,,
26年前&纯真的学生&叛国&罪名打压,,
异议人士&祭奠26年前&六四亡灵,,
打击党内政敌&福建待了15年&谨慎过头,,
江主席&内定钦点&董先生,,
孔元之子&王震之孙&亿万富豪&2万多亿,,
大公子朴方&残废人&邓大公子,,
吾_希&八九W\,,
江主席&榷Jc&董先生,,
六四&制造者&邓小平之过,,
中共军方内斗&江家军&马首是瞻,,
隐形大股东&车峰&戴相龙的女婿,,
二十六年前&六四&民主自由,,
最后一枪&我的胸膛&特殊的日子&必须纪念,,
天网义工&两辆警车&被抓捕,,
前往中联办&游队伍目&超过200米,,
六核&周耗,,
纪念这一天&血泪事件&民主政治,,
做空股票&530惨案&XX惨案,,
二十六年前&坦克走在地上&永远定格,,
戒严部队&刘国庚&1989屠杀有功,,
政变图谋&令计划名单&四大金刚,,
退休高官&675亿元&江泽民退休&享用专机,,
六四&内幕&中央不表态&街游行,,
进中枢&当智囊&岳父姚依林的光,,
外顺学潮&内顺争嫡&合谋屠龙,,
徐才厚&和盘托出郭伯雄&致命一击,,
江泽民汉奸身世,,
六四&没有昭雪&苍天流泪,,
国之殇&六月四&河殇,,
岁月的沧桑&只要他好好的&黑暗对&无眠,,
特殊的日子&26年了&绝食,,
履带碾过&百年沉睡&久跪的双膝,,
祭祀的日子&蒙昧中前行&碾碎心,,
沉船事件&内幕&李鹏之女,,
26年&群体政治&无法复兴,,
二十六年&碾碎自由&无耻隐瞒,,
坦克_往红场&戒赖氖勘&回家吧,,
公平正义&26年的今天&异常悲愤,,
年年这一天&都穿黑衣&红色的雨滴,,
扯淡&政府不尽责&选票换掉,,
春夏之交&却是屠刀&柳丝舞蹈,,
六四&绝食&国殇,,
期盼正义&摧毁魔宫&蕉雨亭主,,
26年前&帝都的天空&点燃蜡烛,,
某年初夏&开赴西京&坦克,,
春夏之交&屠刀&柳丝舞蹈,,
26年前&徐勤先&良知将军,,
今夕何夕&国之殇&六月四号,,
酷狗音乐&六月四日&童安格,,
微信红包&禁止六块四&六十四,,
64纪念&追求自由&紫阳,,
创痛在胸口&还要沉默多久&历史的伤口,,
二十六年&屠杀纪念&民主,,
华夏成悲&89的风&64的雨,,
断食&6月5日,,
必须揭开&想要污蔑&无眠,,
名嘴袁木&八八之后&签证,,
陆肆&领导人去世&李鹏,,
邪恶组织&坦克碾死&晚8点&烧纸悼念,,
六四&二十五周年&纪念,,
二十六年&忧忧芳草心&袁立,,
六月的第一天&带上镣铐&慎提那年那月,,
六月&恐怖的血腥&碾过躯体,,
等待自由&二十六载&六月,,
八九政治风波&民运味,,
六月静静&凄厉残忍&掩盖的真相,,
六四天网&黄琦&万人游行,,
李鹏将死&六四敏感,,
八九六十四&爸爸上^大W&子,,
八九六十四&爸爸上过大学&疯子,,
杨秀珠&攀上张书记&贪腐剽悍,,
六四大屠,,
六四&死难者&守灵,,
六四始末,,
邓丽君&大同胞&暴政屈服,,
六月&冤死英`&暴政的牢z,,
六四&民主体制&平反,,
六四&黑色上衣&反对暴政,,
六四被杀&天安门广场&8726人,,
6月4号&维多利亚&六四追思会,,
天安门&广场上的学生&89年,,
支联会&六四&纪念活动,,
你不敢说话&怕坦克碾压&任人屠宰,,
六四&二十六L年,,
八九运动&投入监狱&六四,,
八九\&投入Oz&六四,,
柳丝祭奠&土旦克&鲜血染遍,,
六毛四&六块四&八十九块六毛四,,
1989年6月4日&学生杀戮&广场抗暴,,
郭春平&强制传唤&六四汇聚,,
广场上阵亡&二十六年前&春夏之交,,
w紫&六四&屠,,
六四o念^,,
89年&学生胜利&欧美式民主,,
走在广场&罪恶的广场&那罪恶,,
六月四号&天暗T&学生运动,,
紫阳去世&八九之变&受迫害者,,
支&六四[行,,
邓小平&六四清场,,
六四&二十六周年,,
六四&赵紫阳&软禁,,
89年&学生运动&言论自由,,
军Dui的镇Ya&沸腾的广场&黎明引入,,
1989年&六四&长孙女&赵可可,,
1989年&坦克&血液在广场,,
四二六社论&赵紫阳&肯定学生,,
拘查&中共高层&权斗,,
王庆&监视&中共常委行踪,,
共产党&到头了&独裁,,
六四后&邓家&地盘,,
邓小平复出&垂帘听政&踹下胡耀邦,,
评价六四&开枪镇压&李鹏,,
ur六四&_&李i,,
万润南&1989年&海外民运&幕后黑手,,
六四&二十六周年&T光悼念集,,
李鹏回忆录&64&军事政变,,
六四日,,
六四&二十六周年&王丹,,
1989&春夏之交&赵紫阳,,
共产党&自由民主&支支吾吾,,
你们还年轻&停止绝食&生命牺牲&1989年,,
赵紫阳&天安门广场&谈话,,
邓制定&两代接班人&种下了祸根,,
共产党&镇压天安门&饿死几千万人,,
开枪镇压&邓小平,,
开枪镇压&李鹏,,
6月4日&学生抗议&天安门广场,,
邓小平&坦克碾压&大学生,,
习近平&八九六四&红皮书,,
近平&八九六四&t皮,,
08宪章,,
天安门&血腥,,
1989&民主运动,,
六四&血腥&,,
六四烛光集会,,
平反64,,
八九六四&红皮书,,
六四穿黑衣,,
薛飞与杜宪&还有多少人记得,,
扎针事件,,
_喇嘛fq,,
l中共,,
中国共产党亡,,
中共I人黑幕,,
中共在祖M行,,
中共血腥,,
中共黑幕,,
中共严密封锁消息,,
中共血腥,,
中共血腥镇压,,
中共邪恶,,
中共邪,,
中共陷内斗,,
中共陷若Y,,
中共伪政权,,
中共统治危机,,
中共十七大前明争暗斗,,
中共十七大前明暗Y,,
中共任用政治血缘,,
中共任用政治血,,
中共领导人黑幕,,
中共垮台,,
中共垮_,,
中共军队血腥镇压,,
中共军队黑幕,,
中共近期权力斗争,,
中共近期嗔Y,,
中共y治危C,,
中共激烈内斗,,
中共激烈若Y,,
中共还在祖国横行,,
中共海外渗透,,
中共海外B透,,
中共高层军权斗争,,
中共高榆圄Y,,
中共粉太平,,
中共粉饰太平,,
中共独裁,,
中共的暴政,,
中共查禁,,
中共帮凶,,
中共裁,,
中共,,
中共烂芊怄i消息,,
中共握,,
中共ah亡,,
曾庆红十七大下课,,
曾庆红步江后尘,,
曾庆红被迫写信十七大退,,
曾ct十七大下n,,
曾ct步江後m,,
曾ct被迫信十七大退,,
u共ah,,
y中宣部,,
一hＶ,,
邪h,,
邪恶的党,,
邪恶打上兽的印记,,
邪党,,
邪捍蛏汐F的印,,
亡秦者胡,,
亡共者胡,,
万三退,,
退一h,,
退一党,,
退党,,
退出中共,,
退出共产,,
退出共a,,
推翻专制独裁的共产党,,
推翻Ｖ篇裁的共ah,,
突破中共网络,,
突破中共W路,,
讨阀中宣部,,
f三退,,
谴责中共,,
曝光中共,,
评中国共产党,,
评共产党,,
灭中共,,
没有共铲党才有新中国,,
毛泽东荒淫糜烂,,
零八宪章,,
零八章,,
九一u,,
九一评,,
锦涛屠杀西藏人,,
解w中共,,
解体中共,,
揭露中共,,
t朝e言,,
\屠⑽鞑厝,,
胡温借国际舆论造势,,
胡温暴政,,
胡o套,,
胡锦涛嫡系大调动,,
胡亟H造,,
胡乇┱,,
红朝谎言录,,
和平演道路已被中共堵死,,
和平演变道路已被中共堵死,,
共产邪灵,,
共惨档,,
共残挡,,
共a邪`,,
共,,
共Kn,,
反h,,
法一一大一法,,
法一轮一大一法,,
大一纪一元,,
大一o一元,,
打倒共P,,
打倒共铲,,
打倒共ah,,
达赖喇嘛万岁,,
传说的胡曾联手是一种假象,,
摆脱中共附体,,
缰泄,,
]有共Ph才有新中,,
[中共附w,,
髡f的胡曾手是一N假像,,
08章,,
法,,
法,,
告全国网民书,,
告全国网友书,,
弘法,,
李意珍,,
剖腹一刀五千几,,
退伍转业军人进京维权上访,,
西藏恶劣形势,,
西藏混乱,,
雪山狮子旗,,
再转轮,,
政府无能,,
中共政治课,,
自由西藏,,
攻,,
公,,
我的家乡与和平解放,,
解构与建设中国民主转型纵横谈,,
共铲党,,
乌鲁木齐毒针,,
代理开发票,,
维族扎针,,
女性丝袜网,,
忘恩负义变成年,,
猎枪销售,,
婴儿汤,,
肉箫,,
幼网,,
幼香,,
真一善一美,,
诱阁,,
诱幼,,
白石瞳,,
中国高层领导的子女现状,,
国家领导人关系网,,
揭密国家领导人的子女,,
七五暴行图片,,
达赖喇嘛复兴之路,,
达赖喇嘛的复兴之路,,
阴谋与虔诚西藏骚乱的来龙去脉,,
伊古莱提感想,,
共用的墓碑一个中国人的家庭纪事,,
往事微痕五七之声诗词专集,,
往事微痕北大专辑,,
在如来佛掌中张苏荪和他的时代,,
大国沉沦写给中国的备忘录,,
从柏林墙到天安门,,
中南海厚黑学,,
大阅兵背后的政治玄机,,
胡锦涛走向个人崇拜,,
新五四五一九文萃序,,
性开放俱乐部,,
龙应台,,
胡锦涛与刘晓波的对峙,,
伊吉莱提感想,,
供铲党,,
法一轮一功,,
事件真相,,
20年前挡坦克,,
毛苫囊糜,,
民族分裂分子,,
新疆人必转,,
中共黑匣子,,
董存瑞是我和毛主席的儿子,,
_喇嘛团d之路,,
出售雷管炸药自制炸弹,,
出售枪,,
简易原子弹制作,,
简易炸药制作,,
简易制作C4炸弹教程,,
恐怖分子必备,,
恐怖分子皮箱炸弹,,
皮箱炸弹构造,,
汽车解码器,,
手把手教你做原子弹,,
手把手教你作原子弹,,
土制C4过程,,
一般炸药制作,,
原子弹的简易制法,,
在家里做原子弹的方法,,
炸药配方,,
炸药制作方法,,
制作原子弹,,
自制原子弹,,
6合彩,,
报码聊天,,
惠缮缛,,
六合彩券,,
六星合彩,,
香港彩宝必中六肖,,
猪哥6合网中国网址联盟,,
码报,,
码中特,,
六合彩美女图库,,
香港白小姐,,
香港彩票,,
香港惠泽社群,,
香港赛马会,,
香港曾道人,,
香港总彩,,
一字解特码,,
最快报码室,,
八零二三部队,,
白色恐怖,,
宝的一封信,,
暴发,,
爆动,,
爆发,,
北京帮,,
参谋本部,,
藏族同胞团结,,
达赖集团,,
打砸抢,,
大藏区,,
大陆高干子弟名单,,
大起义,,
当今八大谎言,,
党禁,,
东土耳其斯坦信息中心,,
东亚,,
动乱,,
独裁,,
独派,,
对越自卫,,
二二八事件,,
法伦,,
法论,,
反右运动,,
泛蓝,,
泛绿,,
泛民,,
分裂,,
焚烧,,
愤青,,
风山陆军军官学校,,
冯锦华,,
复兴党,,
复员军官,,
复员军人,,
冈山空军官学校,,
高智晟,,
功轮法,,
公开信,,
公投,,
共残党,,
共惨党,,
乌鲁木齐扎针,,
广东工人联合会,,
国耻,,
国家安全局,,
国家领导人最强组合,,
国民大会,,
国企改革,,
国统会,,
国语运动,,
过渡政府,,
黑恶势力保护伞,,
红色贵族,,
胡Ｊ涛,,
新疆扎针,,
胡瘟,,
胡系,,
o元,,
济世灵文,,
监察院,,
僵泽民,,
江Ｚ民,,
江狗,,
江胡,,
江昏君,,
江祸心,,
江家帮,,
江老贼,,
江派,,
江系,,
江宰民,,
锦涛,,
进京,,
经塔,,
警民冲突,,
就业歧视,,
军转干,,
抗暴连线,,
抗日老兵,,
抗议,,
抗战纪念,,
蓝营,,
立法委员,,
立法院,,
立委,,
联盟,,
联席会议,,
流泪的沈阳,,
流亡政府,,
陆.肆,,
绿营,,
轮攻,,
轮公,,
民权,,
民阵,,
闹新疆,,
内斗,,
平叛,,
请愿书,,
权斗,,
权力分配,,
人权,,
骚乱,,
僧侣,,
上访,,
涉日,,
十七大人大代表一封信,,
十字军,,
司法院,,
四海帮,,
台海危机,,
台湾间谍,,
谭力情妇,,
谭笑笑,,
唐山大地震老伤兵,,
体制改革,,
同盟,,
统独光谱,,
统战部,,
团派,,
推翻,,
王锦思,,
维权,,
维吾尔独立,,
瘟家,,
温的一封信,,
温公子,,
温加饱,,
温云松,,
西藏,,
西尔艾力,,
宪政,,
信访,,
二十年前挡坦克,,
雪山狮子,,
言禁,,
一军两策,,
印度佛学院,,
原教旨主义,,
真善美,,
真主党,,
政治黑暗,,
中国高干子女名单,,
中国领导人最强阵容,,
中国是全球唯一绝对不能惹,,
中山领导流浪汉,,
中央高干子弟名单,,
中央警卫局大换血,,
中越自卫反击战,,
竹联帮,,
转业干部,,
转业军官,,
转业军人,,
自治区党委,,
宗教极端主义,,
总统府,,
总政治部,,
纵火,,
左派,,
左翼,,
左营海军军官学校,,
20周年网络大会,,
张先玲,,
罢课,,
暴力拆迁,,
吃女婴,,
售仿真枪,,
罢教,,
σ,,
oa影,,
鞭打,,
冰火,,
不雅照,,
操烂,,
操穴,,
关于劳教请全国人大释宪之公民要求书,,
插穴,,
迷失少女天堂,,
白石日和,,
成人小说,,
吹萧,,
春宫,,
唇肉,,
滴蜡,,
调教,,
夫妻秀,,
激情视频,,
鸡吧,,
开苞,,
捆绑,,
露逼,,
轮暴,,
买春,,
妹妹陪聊,,
秘唇,,
母狗,,
内射,,
女奴,,
女犬,,
陪睡觉,,
喷精,,
皮条客,,
强暴,,
犬奴,,
日本妹,,
肉唇,,
肉沟,,
乳沟,,
骚妹,,
骚女,,
骚水,,
骚穴,,
色猫,,
少妇白洁,,
少年阿宾,,
射颜,,
湿穴,,
兽交,,
舔逼,,
舔阴,,
舔足,,
臀沟,,
网络视频妹,,
无码,,
性服务,,
性福,,
旋转地球,,
学生妹,,
亚情,,
艳舞,,
艳照,,
阴缔,,
阴阜,,
阴囊,,
淫虫,,
淫妇,,
应召,,
与我视频,,
与我爽,,
鸳鸯浴,,
胴体,,
a巴,,
爆炸物,,
苯环已哌啶,,
苯基丙酮,,
标会,,
波胆,,
出售手,,
传播专业开锁技巧,,
度冷丁,,
仿制枪,,
钢珠枪,,
甲基安菲他明,,
可卡,,
雷管,,
麻咕,,
麻黄素,,
麦角酸二乙基酰胺,,
麦司卡林,,
缅古,,
缅货,,
浓硫酸,,
气狗,,
枪支,,
三公,,
四仔,,
糖仔,,
投毒,,
外圈,,
丸仔,,
硝化甘油,,
盐酸二氢埃托菲,,
子弹制,,
羟丁酸,,
白鸟智香子,,
三挫仑,,
嗨粉,,
嗨药,,
博彩,,
彩票,,
抽水,,
赌恒指,,
二中二,,
三中二,,
香港黄大仙,,
肖特,,
中特,,
公务员考前答案,,
替考,,
扎针党,,
王乐泉下台,,
大纪园,,
法十轮十功,,
去车仑工力,,
台湾建国运动组织,,
台湾青年独立联盟,,
台湾自由联盟,,
江ze民,,
中共恶霸,,
共产无赖,,
共产专制,,
共产极权,,
共产王朝,,
中共监狱,,
中共独枭,,
中共专制,,
胡温政府,,
江罗集团,,
中华联邦政府,,
亲共行动,,
代开普通发票,,
代开商品发票,,
代开国税发票,,
代开地税发票,,
代开广告发票,,
代开运输发票,,
代开租赁发票,,
代开维修发票,,
代开建筑发票,,
代开安装发票,,
代开餐饮发票,,
代开服务发票,,
代开发票,,
暴政,,
胡锦滔,,
江流氓,,
江则民,,
江泽慧,,
江贼,,
将则民,,
抡功,,
伦功,,
迫害,,
中国社会进步党,,
中国真实内容,,
中华人民实话实说,,
中华人民正邪,,
台湾独,,
邓派,,
海外护法,,
洪发交流,,
绝食抗暴,,
售弹药,,
售卖武器,,
出售假钞,,
代办证件,,
监听器,,
针孔摄像,,
监听宝,,
幼婴国度,,
成品交易,,
亚洲幼图,,
幼花苑,,
性感美女,,
爱幼阁,,
美女图片库,,
幼片,,
U香阁,,
寂寞少妇,,
操幼自拍,,
幼文共赏,,
性感少妇,,
网络人权宣言,,
婴1儿汤&高1师傅,,
代开&发票,,
激情女找男,,
偷情俏寡妇,,
吹箫美女,,
居家美眉,,
素质女,,
全套,,
钢管秀,,
69式,,
足交,,
臀推,,
毒龙,,
波推,,
制服诱惑,,
上门服务,,
神韵艺术团,,
爱幼人士,,
aw,,
妞妞基地,,
中国のチベット自治区,,
美女图片网,,
开波,,
操b,,
图库,,
幼D,,
中文搜性网,,
峙,,
金鳞岂是池中物,,
淫战群P,,
白虎少妇,,
白虎阴穴,,
逼痒,,
妹,,
干穴,,
风艳阁,,
激情小说,,
兽欲,,
菊花蕾,,
干的爽,,
肉蒲团,,
男女交欢,,
白鸟樱,,
兽奸,,
爱田由,,
一夜欢,,
给你爽,,
淫兽感染,,
奸幼,,
中年美妇,,
脱内裤,,
发浪,,
肉茎,,
成人自拍,,
抠穴,,
田梨纱,,
亮穴,,
丁香社区,,
久久宝贝-清纯美女图片站,,
鹿城娱乐,,
隐窝窝,,
插阴,,
露阴照,,
淫痴,,
我就去色,,
美女走光,,
激情贴图,,
成人论坛,,
就去诱惑,,
浴室自拍,,
激情裸体,,
丽春苑,,
窝窝客,,
银民吧,,
亚洲色,,
碧香亭,,
妹妹骚图,,
宾馆女郎,,
西洋美女,,
搞笑图片网,,
放荡少妇,,
黄金圣水,,
脚交,,
勾魂少妇,,
女尻,,
乳此丝袜,,
日本灌肠,,
八道娱乐网,,
操B指南,,
就要色,,
oaH漫,,
大胆少女,,
乳此丰满,,
蝴蝶逼,,
妩媚挑逗,,
骚姨妈,,
裸体少妇,,
美少妇,,
射奶,,
杨思敏,,
白虎嫩B,,
玩逼,,
高清性,,
淫兽学园,,
俏臀摄魄,,
有容奶大,,
毛鲍,,
纵情兵团,,
激凸走光,,
性感妖娆,,
帅哥初次,,
操肿,,
监禁陵辱,,
生徒胸触,,
诱色网,,
春光外泻,,
套套堂,,
艳乳,,
白液四溅,,
大乱交,,
性感乳娘,,
群阴会,,
人性本色,,
极品波神,,
帅哥激情,,
就去男孩,,
街头扒衣,,
口内爆射,,
嫩BB,,
莲花逼,,
密室淫行,,
洗肠射尿,,
圣泉学淫,,
淫浆,,
狂乳激e,,
}浪,,
\U,,
制服狩,,
o毛穴,,
骚浪美女,,
舌头穴,,
爆操,,
骚乳,,
淫腔,,
妹妹兼职,,
肉便器,,
超毛大鲍,,
k射,,
殖h,,
性佣,,
爽穴,,
嫩鲍,,
骚母,,
金毛穴,,
体奸,,
操妻,,
酥穴,,
厕所盗摄,,
曲线消魂,,
盗撮,,
薄码,,
巧淫奸戏,,
人之初神秘,,
极品白虎,,
欢欢娱乐时空,,
近H相,,
采花坊,,
摩洛客,,
女优,,
骚姐姐,,
色区,,
色书库,,
护士诱惑,,
下流地带,,
性饥渴,,
淫妹,,
色狼,,
淫图,,
色狐狸网址,,
色诱,,
秘裂,,
含,,
亚洲性虐,,
夫妻自拍,,
欢乐性今宵,,
性D片,,
少妇偷情,,
淫驴屯,,
小姐打飞机,,
Ｘ到屎尿,,
SM美图,,
欲仙欲浪,,
吞精,,
成人午夜场,,
性之站,,
成人社区,,
激情聊天,,
三八淫,,
夫妻俱乐部,,
激情交友,,
熟妇,,
惹火自拍,,
虎骑,,
咪咪图片,,
成人导航,,
释欲,,
你色吗,,
制服T惑,,
男女蒲典,,
丝诱,,
美体艳姿,,
肉丝裤袜,,
打野炮,,
前凸后翘,,
淫欲世家,,
幼逼,,
大胆出位,,
旅馆自拍,,
无套自拍,,
强制浣肠,,
凸肉优,,
撅起大白腚,,
双龙入洞,,
处女开包,,
大花逼,,
寂寞自摸,,
警奴,,
轮操,,
淫店,,
垃圾垃圾,,
极品奶妹,,
扉之阴,,
淫の方程式,,
丁字裤翘臀,,
素人娘,,
9爱吧,,
媚药少年,,
无修正,,
东热空姐,,
乳此动人,,
巨炮兵团,,
幼妓,,
巨骚,,
骚妻,,
漏逼,,
深爱爱色,,
大奶美逼,,
迷色堂,,
性战擂台,,
θ,,
淫告白,,
乳射,,
朝天穴,,
公媳乱,,
T惑肪W,,
慰春情,,
集体淫,,
狼色论坛,,
A聊电影,,
小嫩鸡,,
舔B,,
嫩奶,,
品穴,,
乳尻,,
羞耻母,,
荡女,,
浪穴,,
露穴,,
猛插,,
艳情小说,,
淫书,,
玉蒲团,,
玉女心经,,
援助交易,,
掰穴,,
万淫堂,,
穴图,,
穴淫,,
一夜性网,,
穴新玩法,,
H乱军团,,
淫逼,,
淫姐,,
淫流,,
淫蜜,,
淫妞,,
淫奴,,
钻插,,
H动漫,,
交换夫妻,,
舔脚,,
蜜洞,,
火辣图片,,
淫声浪语,,
疯狂抽送,,
多人性,,
淫欲日本,,
色迷城,,
成人百强,,
猖妓,,
天天干贴图,,
偷欢,,
酥痒,,
品色堂,,
浪妇,,
嫖妓指南,,
色窝窝,,
骚洞,,
阴精,,
群魔色舞,,
扒穴,,
极品黑丝,,
成人文学,,
厕奴,,
酥胸诱惑,,
死狼网,,
肉体招生,,
玛雅网,,
诱惑视频,,
裙下风光,,
嘻游中国,,
御の二代目,,
肮脏美学,,
亚洲有码,,
丝袜高跟,,
原味丝袜,,
裸露自拍,,
性感肉丝,,
迫奸,,
虐奴,,
欧美无套,,
乳霸,,
湿身诱惑,,
美女比拼网,,
粉红穴,,
性感诱惑,,
奇淫宝鉴,,
美骚妇,,
无毛美少女,,
流蜜汁,,
日本素人,,
日本有码,,
制服美妇,,
入穴一游,,
丰唇艳姬,,
萝莉girl,,
高级逼,,
幼幼,,
美臀穴,,
淫东方,,
雪腿玉胯,,
图公园,,
丝荡袜,,
我爱色,,
裸体美女,,
潮喷,,
婶婶诱惑,,
堕淫,,
颜骑,,
互淫,,
胸乳浪,,
夫妻乱交,,
97干,,
草榴,,
穴海,,
炮房,,
奶挺臀翘,,
色图,,
痴乳,,
鬼,,
浴尿,,
淫样,,
k妻,,
辱,,
操爽,,
嫩缝,,
操射,,
骚妈,,
激插,,
暴干,,
母子交欢,,
赏穴,,
乳林大会,,
柔阴术,,
淫师荡母,,
二穴中出,,
奴畜抄,,
连A失禁,,
露点,,
兼职女,,
带套,,
裸照,,
服务项目介绍,,
妹妹的服务,,
激情服务,,
要爽就注册,,
体射,,
露股,,
口暴,,
舔菊花,,
舔蛋,,
正式做（有套）,,
正式做（无套）,,
胸交,,
女同,,
兼职妹妹,,
兼职MM,,
兼职处女,,
肉虐{教,,
露女,,
淫肉,,
手洗龙门,,
独龙转,,
氐琢耆,,
金城汤池,,
金镶玉艳,,
金凤玉露,,
东海拔棒,,
金洞寻钻,,
金醉纸迷,,
金猫探险,,
金枪消魂,,
游龙金凤,,
猫女凤舞,,
小妹扛枪,,
凤翔合碧,,
日死你,,
淫少妇,,
贱比,,
群奸,,
成人书库,,
狗卵子,,
风骚,,
销魂,,
调情,,
双腿间的禁地,,
X夜激情,,
两性狂情,,
黄色影视,,
黄色小说,,
黄色文学,,
黄色漫画,,
性免费电影,,
男女公关,,
隐私图片,,
超级性虐,,
成人图,,
成人网,,
炮图,,
肥穴,,
酥乳,,
黄色网站,,
成人影视,,
成人漫画,,
舔穴,,
吸鸟,,
性派对,,
诱奸,,
成人用品,,
吹气娃娃,,
幼齿,,
舔奶,,
阴痉,,
自拍招友,,
狼群发布,,
玉女艳姿,,
东北成人,,
靓穴,,
好色,,
性骚扰,,
露底,,
毛,,
自拍诱惑,,
无套中出,,
嫩骚,,
大,,
H逼,,
好地方成人,,
性吧,,
欧美人体,,
俄罗斯人体,,
亚洲成人密码,,
挨操,,
玩穴,,
露毛,,
破处,,
紧穴,,
穴爽,,
AV女,,
干小姐,,
尤物,,
少妇自拍,,
穴毛,,
激射,,
永久网址,,
东北XX,,
就去干,,
欲照,,
色中色,,
兼职漂亮妹妹,,
嫩乳鲜鲍,,
熟骚妇,,
私处走光,,
老婆穴,,
淫玩,,
涩工厂,,
激淫,,
掰B,,
淫丝,,
爽,,
道淫,,
喉交,,
北岛优,,
北原梨奈,,
苍井空,,
常盘樱子,,
长谷香子,,
长濑爱,,
朝冈实岭,,
朝美穗香,,
持月真由,,
川岛和津实,,
川合里美,,
大尺右香,,
堤莎也加,,
高树玛莉亚,,
高树玛丽亚,,
古都光,,
黑木香,,
黑崎扇菜,,
花野真衣,,
惠美梨,,
吉g明步,,
吉田美香子,,
吉泽明步,,
金泽文子,,
c乃梓,,
立花里子,,
立花瞳,,
凉木桃香,,
铃木麻奈美,,
麻美,,
麻生早苗,,
美里真里,,
美穗由纪,,
美竹凉子,,
南波杏,,
平井玛莉亚,,
浅仓舞,,
秋元友美,,
山本梓,,
上杉美香子,,
上原多香子,,
神谷姬,,
石川施恩惠,,
市川香织,,
树麻里子,,
松岛枫,,
松阪季实子,,
天海丽,,
纹舞兰,,
武藤兰,,
武腾兰,,
夕树舞子,,
细川百合子,,
夏目奈奈,,
相田桃,,
小林瞳,,
小泉彩,,
小室友里,,
小野谷美穗,,
小泽菜穗,,
小泽玛莉亚,,
小泽奈美,,
小泽圆,,
星野光,,
叶山丽子,,
伊东怜,,
樱树露衣,,
樱朱音,,
忧木瞳,,
游佐七海,,
泽井芽衣,,
泽口明日香,,
中谷香子,,
紫彩乃,,
菅野亚梨沙,,
薰樱子,,
岬崎香子,,
濑户由衣,,
橘未稀,,
蜷川香子,,
露脸自拍,,
女肉馆,,
Iz,,
大奶妹,,
淫骚,,
插射,,
肉弹,,
极品素人,,
白虎女,,
腿交,,
超淫,,
亚女,,
怡春堂,,
玫瑰逼,,
淫尻,,
小骚骚,,
母女潮吹,,
咪咪爱,,
桃穴,,
美淫,,
干到射,,
插,,
生奸,,
大潮吹,,
人间便器,,
密室陵辱,,
夜勤雀栋,,
狱畜,,
亮逼,,
2穴中出,,
超桃尻,,
暮春堂,,
淫辱教室,,
骚老婆,,
玩,,
双穴齐插,,
自拍淫照,,
肥,,
水嫩B,,
召奸,,
极品诱惑,,
o`{教,,
多P杂交,,
性友,,
秘肉,,
肉奴_,,
大y交,,
美尻,,
操B自拍,,
奶头,,
被H,,
肥鲍,,
粉逼,,
一线B,,
插B图,,
丰乳美臀,,
欧美巨炮,,
磨肛,,
耻肛,,
爽操,,
爱操,,
待操,,
名穴,,
粗,,
壮,,
肉牝奴隶,,
大乱性,,
肛插,,
双插多P,,
天然素人,,
黑,,
情趣自拍,,
插香蕉,,
国产盗摄,,
晾骚,,
淫星,,
淫美,,
淫欲肉体,,
素人撮,,
黑丝骚妇,,
竹笋乳,,
人浪逼美,,
外纯内骚,,
裙底盗摄,,
幼u,,
媚肉,,
肛肉,,
妖艳少妇,,
肉嫁,,
暴操,,
乳此多娇,,
羊角奶,,
淫Z,,
晒B,,
一起操,,
驴,,
嫩咪咪,,
淫态,,
成人站,,
舔抠,,
淫码,,
骚比,,
自插,,
亮b,,
馒头穴,,
欲娘,,
极品骚妇,,
吮,,
嫩乳美鲍,,
无毛逼,,
性玩物,,
爆双穴,,
中出解禁,,
淫孽,,
穴串插,,
淫戏,,
小毛逼,,
大奶鸡,,
极上素人,,
美丝美臀,,
冒白浆,,
无毛少女,,
漏毛,,
无限充血,,
楼凤,,
卑猥,,
性劢D,,
插到射,,
淫交,,
头交片,,
淫豪,,
娘Π资,,
双洞齐插,,
和服潮吹,,
成娱成人,,
千涩,,
淫城,,
大色哥,,
北美情趣,,
虐奸,,
贱奴,,
浓精,,
溜光巨炮,,
猛操,,
吹箫自拍,,
展穴,,
柳叶逼,,
秀毛穴,,
爱色吧,,
打枪利器,,
狂虐美女,,
酒瓶扩肛,,
素人露出,,
人小奶大,,
美B,,
东瀛绳艺,,
幼穴,,
一王两奴,,
穿乳夹阴,,
双掌进洞,,
靓乳,,
女体拷问,,
暴插,,
野外露出,,
我淫我色,,
靓逼,,
成人影院,,
干到爽,,
干b爽,,
窥艳迷辱,,
乌光枪,,
少女吞枪,,
就去嫖,,
美鲍少女,,
鬼妹潮吹,,
美女窝窝,,
美臀图片网,,
雪儿美女视频聊天室,,
超级娱乐中心,,
夜色俱乐部,,
艾呢美女图片,,
成人聊天室,,
看大秀,,
美女裸舞,,
成人视频,,
激情夫妻,,
真人绣,,
视频宝贝,,
看秀群,,
真人主播,,
激情一对一,,
请秀群,,
视频脱衣,,
丝袜聊天室,,
胡\嫡系大{,,
车模兽兽自拍视频,,
抗议中共,,
中共的死穴,,
中国难以避免陷入内乱,,
西藏如何走向独立,,
国际支持西藏网络,,
声援西藏,,
支持达赖,,
屠杀藏人,,
屠杀西藏人,,
屠杀维吾尔人,,
国际援藏网,,
蒙藏委员会,,
藏人大会,,
藏人无自治,,
九十三运动,,
台湾图博之友会,,
其美仁增,,
德桑次仁,,
次旺仁增,,
桑东・络桑丹增,,
次仁益西,,
加央多吉,,
和谐社会花似锦&科学发展势如涛&一派胡言,,
鲍彤,,
出售健卫小口径步枪,,
天地行技术论坛,,
天梯书店,,
真相调查团,,
光明网,,
神洲电影制片厂,,
清心论坛,,
花清园,,
放光明电视,,
新生网,,
圆明网,,
希望之声广播电台,,
褪党,,
你今天三退了,,
天灭珙党,,
动态网,,
自由网,,
正见网,,
紫阳,,
出售电狗,,
出售仿真手狗,,
出售军用手狗,,
出售兽用麻醉枪,,
气枪铅弹销售,,
出售自制手枪,,
买卖钢珠枪,,
麻醉枪货到付款,,
出售军用五连发手枪,,
出售火药动力钢珠枪,,
CFX气枪销售,,
出售铅弹气枪,,
出售左轮手枪,,
销售54式64式,,
高压气枪专卖,,
出售虎头双管,,
出售广州三箭气枪,,
销售工字牌汽枪,,
出售瓦斯手狗,,
进口汽狗销售,,
秃鹰汽枪货到付款,,
售枪支,,
专枪销售气枪,,
军用手枪出售,,
销售虎头猎枪,,
气枪出售,,
售高压气枪,,
售工字气枪,,
售军用手枪,,
售猎枪,,
售C,,
售枪械,,
汉人无自由&藏人无自治,,
藏人&抗议升级,,
西藏流亡政府&精神领袖&达赖喇嘛,,
暴力&镇压&唯色&藏人,,
班禅九世的圆寂之地,,
曲吉尼玛的圆寂之地,,
西藏青年大会,,
西藏青年运动,,
西藏人权和民主中心,,
西藏同胞书,,
挪威西藏之声,,
达赖返藏,,
达赖喇嘛即将返藏,,
西藏康区&示威&抗议,,
西藏康区&中共&镇压,,
文强沦为死囚后&感言,,
出售手拉鸡,,
出售圣甲虫跳刀,,
出售56式半刺刀,,
出售56军刺,,
雷管制作,,
如何做炸药,,
硝化甘油制作,,
做液体炸药,,
制作炸药,,
手枪的制造方法,,
枪械制造图纸,,
枪械制造方法,,
猎枪的制造结构图,,
气枪的制造结构图,,
手把手教做原子弹,,
硝铵炸药的制作方法,,
如何制作硝化甘油,,
黑火药的制作方法,,
教你在家做原子弹,,
抗曰游型,,
执政党的罪错&取消限制媒体跨省&取消审批制,,
促成政治改革&国家的前途和历史&废除劳教制度,,
出售金钟气枪,,
零捌政,,
零捌章,,
零捌宪政,,
零八宪政,,
零8宪,,
营救刘晓波,,
声援刘晓波,,
宪章零八,,
零捌宪章,,
零八宪z,,
0捌宪政,,
0捌宪章,,
0八宪政,,
天朝六十年编年,,
天朝60年编年史,,
高祖武帝文革三年&高祖武帝反右三年&惠帝凡是二年,,
七五事件,,
习近平&假博士,,
新唐人电视台,,
明慧资料馆,,
明慧图片网,,
慧园拾真,,
明慧周末,,
明慧周报,,
明慧广播电台,,
明慧学校,,
正悟网,,
审江大联盟,,
共产党受难者援助,,
砸你饭碗是城管&官商勾结我无罪,,
阿波罗新闻网,,
七问温家宝,,
政府丑闻&网12号披露,,
屠城,,
08县长,,
格色拉的祈祷,,
学生领袖,,
历史不会忘记,,
港支联,,
支联会,,
新疆&独立,,
坦克&进城,,
鲍朴,,
温影帝,,
习近平&假学历,,
习近平&假文凭,,
推翻中国共产党,,
推翻共产党,,
推翻中共ah,,
推翻共ah,,
胡锦涛秘密来到青岛,,
可怜的维吾尔人,,
一个解放军的1989戒严部队怎样对待军中反叛者,,
毛泽东执政春秋1949至1976,,
中国最具争议的人温家宝全传,,
中国影帝温家宝,,
失踪者的足迹文化大革命期间的青年思潮,,
七万言书,,
羟亚胺制作手册,,
羟亚胺制作教程,,
羟亚胺出售,,
羟亚胺销售,,
转让羟亚胺配方,,
求购羟亚胺,,
买卖羟亚胺,,
羟亚胺制作配方,,
出售羟亚胺,,
销售盐酸羟亚胺,,
销售羟亚胺,,
羟亚胺技术转让,,
制作羟亚胺,,
供应羟亚胺,,
出售盐酸羟亚胺,,
供应盐酸羟亚胺,,
转让盐酸羟亚胺配方,,
制作盐酸羟亚胺,,
求购盐酸羟亚胺,,
买卖盐酸羟亚胺,,
第五代中共十八大主角,,
高洁的灵魂高耀结回忆录,,
光环背后的周恩来,,
天上人间公安不敢查的秘密,,
十八大与习近平时代,,
江泽民逝世,,
江泽民去世,,
江蛤蟆死了,,
江泽民死了,,
稳夹宝,,
温家堡,,
蚊假宝,,
蚊加宝,,
胡锦掏,,
温家宝&影帝,,
中央&君主专制&民主政治体制,,
中国就无法摆脱黑暗&革命恐怖,,
薄王案&英籍保姆,,
薄熙来&皮肤癌,,
诛温贼&挺熙来,,
挺薄&重庆人民广场,,
重庆市&声援&薄熙来,,
还我薄书记&还我共同富路,,
沁园春&两会&欲与胡总逞英豪,,
重庆百万人大散步,,
百万群众挺薄,,
薄都督,,
习禁评,,
习金瓶,,
误帮国,,
误邦国,,
吾紧套,,
瘟总理,,
瘟秀秀,,
瘟嫁鸨,,
瘟假饱,,
瘟甲爆,,
瘟佳保,,
瘟加保,,
丶语,,
温秀秀,,
温家暴,,
假庆淋,,
祸国强,,
护茎套,,
护紧套,,
糊精套,,
湖锦滔,,
湖紧套,,
湖紧掏,,
胡景桃,,
胡井掏,,
胡禁逃,,
胡尽掏,,
胡锦逃,,
胡核心,,
胡河蟹,,
胡和谐,,
贡铲裆,,
共抢党,,
共铲裆,,
共惨胆,,
供铲裆,,
裆中央,,
弹劾瘟疫大行动,,
铲除贼共,,
贡铲独裁,,
政治局委员秘书透露给美国纽约时报记者,,
坛,,
决战九常委,,
十八大总理争夺战,,
维基解密之中共机密,,
薄熙来pk汪洋,,
十八大前的浑水,,
习李十八大攻略,,
从温家宝内阁到李克强内阁,,
从王立军的24小时看中国,,
薄王败局与十八大,,
胡锦涛的五朵金花,,
中共治下情色乱象,,
新公共情妇汤灿,,
中国纳粹胡锦涛,,
十八大军委席位争夺战,,
日本维吾尔协会&游行,,
法国维吾尔人联合会&游行,,
荷兰维吾尔人统一组织&游行,,
国家政权崩溃图表,,
最高层领导人关系网,,
家宝家人隐秘的财富,,
家宝家族腐败,,
温家宝家产情况,,
温家的黑金帝国,,
告全国公民书&支持政改,,
东突&镇压,,
共产党对新疆&大屠杀,,
黑大爷&异教徒,,
你的西域&我的东突,,
新疆&种族灭绝,,
新疆&宗教压迫,,
新疆人民&发起圣战,,
新疆人团结起来&弄灭北京,,
异教徒&汉族人,,
支持维吾尔人&抗议,,
中国酷刑&新疆,,
自由亚洲电台&肖合来提,,
自由亚洲电台&维语部,,
维族小偷&畜生,,
新疆维族人&畜生,,
维族人&杀人不眨眼,,
维族小偷&撒野,,
维族人&洗脑教育,,
洗脑&维吾尔人,,
新疆&低劣种族,,
新疆人&统统杀光,,
清退&驱逐&维吾尔族学生,,
新疆人&提高警惕,,
新疆人&砍人,,
新疆&不摘帽子就出去,,
抗议&远离宗教&健康成长,,
七五期间&虐杀,,
废除&双语教育,,
歧视&双语教育,,
圣战&安拉,,
安拉&劫持&飞机,,
伊吉拉特&安拉,,
伊扎布特&安拉,,
江绵恒&中国第一贪&周永康,,
江绵恒&中国第一贪&江泽民,,
江绵恒&官商一体&中共江氏,,
江绵恒&江泽民家族&贿赂,,
中革中央,,
东伊运,,
贾庆l,,
贾庆林&远华&孔丹,,
贾&38军&500多人&羁押内蒙监狱,,
贾庆林&习近平&大忌&茅台会,,
贾庆林&赖昌星&交情深厚&朱g基&走私嫌疑,,
贾庆林&38军派兵抓捕&押往内蒙古监z,,
贾庆林&关押&38军,,
贾庆林&赖昌星&福建贪官&北京做官,,
中共高层&贾氏家族&万达&股东,,
贾庆林&权钱交易&王健林,,
银色情人节,,
理性爱国,,
旅游行业,,
旅游行程,,
优博讯,,
人大法学院,,
感情色彩,,
弹性福利,,
“宠物宝宝”,,
“六四”事件民间白皮书,,
“十七大”,,
「活动通知」,,
『系统通知,,
【宠物】,,
【礼品宣传】,,
【幸运提示】,,
呼喊派,,
习主席,,
淫贼,,
奸杀,,
H你妈,,
处男,,
牛逼、,,
徒弟会,,
全范围教会,,
灵灵教,,
新约教会,,
观音法门,,
主神教,,
被立王,,
同一教,,
三班仆人派,,
灵仙真佛宗,,
天父的儿女,,
达米宣教会,,
世界以利亚福音宣教会,,
暴击,,
拦坦克车,,
溜四,,
流血n突,,
流血事件,,
六四暴动,,
六四被杀,,
六四被屠杀,,
六四被屠,,
六四参与者,,
六四惨案,,
六四曾流血,,
六四档案,,
六四的动乱,,
六四的枪声,,
六四的,,
六四的先烈,,
六四风云,,
六四感言,,
六四戒严,,
六四开枪令,,
六四流亡美国,,
六四流亡者,,
六四民运,,
六四敏感,,
六四男事件,,
六四评价,,
六四清场,,
六四天安门事件,,
六四天网,,
六四铁汉,,
控制天安门,,
六四学运,,
六四遇难者,,
六四镇压,,
六四镇压主犯,,
六四政治,,
六四之魂,,
六四中共暴行,,
六四壮士,,
六肆学子,,
六核,,
六月的坦克,,
六月四日的屠杀,,
怕坦克碾压,,
清洗坦克履带,,
六四学生运动,,
天安Men屠夫,,
天安门暴动,,
天安门暴乱,,
天安门动乱,,
天安门流亡,,
天安门事件是中共的阴谋,,
天安门血腥屠杀,,
挑六四话题,,
五月三十五日事件,,
天An门事件,,
准备戒严,,
引发六四事件,,
还李旺阳公道,,
李旺公道,,
李鹏回忆录,,
李鹏六四日记,,
刘晓波被抓,,
民运人士王丹,,
学生领袖王丹,,
悼念六四,,
澹忘了六四,,
反思六四,,
飞血六月,,
纪念六四事件,,
纪念陆四,,
o念六四,,
揭六四27年,,
解禁六4,,
解禁六四,,
柳丝祭奠,,
六四27周年,,
六四不朽,,
六四纪念日,,
六四平反,,
六四周年,,
六四烛光晚会,,
六四T光集,,
六四追思会,,
声援八九学潮,,
维园六四集会,,
无能平六四,,
营救89民运,,
昭雪六四冤案,,
六四亡灵,,
六四亡`,,
六月份禁食,,
天安门扫射,,
天安门示威,,
天安门示威游行,,
天安门双亲,,
天安TV,,
天安TV鲷[事,,
天安TV鐾纯,,
天安T前_口f,,
天安门抗议,,
中共血洗,,
中共开枪镇压,,
镇压学运,,
镇压学生,,
w紫的l言,,
赵支持学潮,,
最I天安T,,
占I天安T,,
占领天安门,,
葬身坦克履带,,
游行在天安门,,
游行示威,,
游行动乱政治,,
营救赵紫阳,,
壹九八九年,,
维园参加晚会,,
维园晚会,,
维园游行,,
维园烛光,,
维园烛光晚会,,
S@T光集,,
^食,,
^食宣言,,
军Dui的镇Ya,,
军队开枪,,
军队射杀,,
军队以坦克,,
开枪镇压,,
_,,
六四期间,,
六四前,,
六四前夕,,
六四诗选,,
六四问答,,
六四学生,,
六四以来,,
六四之后,,
六四之举,,
六月静静,,
六月三傍晚,,
六月四,,
六月四号,,
六月四日,,
陆四,,
履带碾过的身躯,,
民主大游行,,
民主女神,,
民主示威运动,,
民主\,,
木樨地,,
那次镇压,,
碾成肉泥,,
碾过躯体,,
碾压学生,,
平定暴乱,,
射击学生,,
受难的学生,,
死亡的大学生,,
坦克戒严镇压,,
坦克进城,,
坦克_往红场,,
坦克履带声,,
坦克碾人,,
坦克碾死,,
坦克碾压,,
坦克去屠杀,,
坦克上街,,
坦克无情地辗轧,,
坦克压人,,
坦克要压人,,
坦克镇压,,
坦克直接开进,,
坦克走在地上,,
g克,,
螳臂挡车,,
天安men,,
天安门,,
天安门广场,,
天安门前开口说,,
天安们学生,,
天暗门,,
天暗T,,
天网义工,,
调动军队,,
停止绝食,,
通缉学生领袖,,
屠城杀人,,
屠夫纪念堂,,
屠杀纪念,,
屠杀青年学生,,
屠杀学生,,
屠杀照片,,
屠⑶嗄W生,,
武力戒严,,
武力清,,
武力镇压,,
武装镇压学生,,
下令开枪镇压,,
学潮风波,,
学潮行为,,
学潮运动,,
学潮总策划,,
罪旱,,
罪恶的枪声,,
罪恶的广场,,
阻挡坦克,,
自89年始,,
b甲碾^,,
装甲车碾过,,
装甲部队,,
直接压死,,
直接碾过去,,
b身跆箍,,
政府的坦克,,
镇压人民,,
镇压了学生,,
镇压行动,,
镇压大学生,,
镇压大军,,
冤死英`,,
依稀的枪声,,
一九八九年,,
血液在广场,,
血腥大屠杀,,
血腥惨案,,
血红的一天,,
W生手持,,
学运领袖,,
学生身上碾压,,
学生静坐,,
学生和市民,,
学生的镇压,,
学生的迫害,,
陈达钲,,
杜宪,,
杜,,
杜延林,,
犯人苗德顺,,
方励之,,
顾义民,,
郭春平,,
黄琦,,
李旺阳,,
良知将军,,
刘国庚,,
苗德顺,,
苗德,,
浦志,,
浦志强,,
王军涛,,
魏京生,,
徐勤先,,
许家屯,,
薛飞,,
薛飞与杜宪,,
于世文,,
陈一谘,,
方励芝,,
封从德,,
27年的今天,,
27年了,,
27年前,,
27周年,,
27周年纪念,,
27周年纪念日,,
27周年祭,,
八十九块六毛四,,
点燃蜡烛,,
都穿黑衣,,
二十七年,,
27周年游行,,
悼念胡耀邦,,
二十七周年,,
二十七L年,,
二十有七载,,
二拾七年,,
该日绝食,,
公祭入狱,,
公祭赵紫阳,,
换头像三天,,
黄雀行动,,
纪念日,,
纪念晚会,,
o念晚,,
继续绝食,,
祭奠27年前,,
接力绝食,,
今夜的亡灵,,
今夜的亡`,,
速平反,,
禁止六块四,,
久跪的双膝,,
绝食行动,,
绝食静坐,,
绝食团,,
绝食运动,,
^食行,,
^食抗,,
柳丝日记,,
六块四,,
六毛四,,
六十四,,
六月那一天,,
六月那壹天,,
某年初夏,,
平反,,
请命运动,,
上街游行抗议,,
屠城纪念日,,
我是坦克人,,
献花纪念活动,,
一起穿黑衫,,
隐晦纪念,,
[晦o念,,
支援北京,,
周耗,,
烛光悼念,,
烛光集会,,
烛光晚会,,
T光悼念集,,
T光集,,
左翼联盟,,
最淫官员,,
组织集体,,
自治CP,,
自由亚洲,,
自由时报,,
自由门,,
专制政权,,
主权,,
重建帝国,,
中央日报,,
中华联邦,,
中华局域网,,
中国新民党,,
中国特工,,
中国时报,,
中国人权,,
中国公民,,
中国的陷阱,,
中国的人权,,
中俄边界新约,,
中办发,,
支持台湾,,
张志新,,
占领台湾,,
葬独,,
臧人,,
臧独,,
昝爱宗,,
援藏,,
油行,,
英国金融时报,,
印尼屠华,,
印尼事件,,
印尼暴徒,,
引起暴动,,
异议人士,,
伊力哈木,,
一党执政,,
殃视,,
颜色革命,,
阎明复,,
严家其,,
雅虎香港,,
血洗京城,,
血书,,
学百度潮,,
选国家主席,,
形式主义,,
星岛日报,,
新闻封锁,,
新华通论坛,,
辛灏年,,
小泽一郎,,
香港民主派,,
宪章,,
宪法法院,,
稀藏,,
硒藏,,
希葬,,
希藏,,
西葬,,
西奘,,
西臧,,
西脏,,
西独,,
西藏人权,,
西z,,
五毛们,,
五毛党,,
吾尔,,
维吾,,
维权联盟,,
维基百科,,
维汉,,
维多利亚公园,,
为了忘却的纪念,,
威胁论,,
网特,,
网评员,,
网络评论员,,
网络封锁,,
王维林,,
王千源,,
王超华,,
王炳章,,
亡党亡国,,
汪兆钧,,
万润南,,
万人骚动,,
万人大签名,,
湾台,,
土匪政权,,
投公,,
统一台湾,,
天按门,,
w育局,,
特供,,
特贡,,
特共,,
讨说法,,
坦克压大学生,,
谭作人,,
贪污腐败,,
台完,,
台弯,,
台军,,
台海战争,,
台海问题,,
台海统一,,
台海局势,,
台海大战,,
台毒,,
台百度湾,,
台wan,,
台du,,
苏贞昌,,
苏晓康,,
四事件,,
四风,,
司马璐,,
湛局,,
谁是新中国,,
双规,,
收复台湾,,
世界日报,,
石肖,,
十七大,,
十7大,,
圣战组织,,
沈阳军区,,
沈彤,,
社会主义灭亡,,
上中央,,
上海帮,,
杀人党,,
杀毙,,
三硝基甲苯,,
三股势力,,
三个代表,,
入联,,
入耳关,,
日本万岁,,
日本狗,,
日本帝国,,
人肉炸弹,,
人拳,,
人木又,,
热站政论网,,
群体性事件,,
群体事件,,
权贵集团,,
去中央,,
请愿,,
请命,,
清真,,
清华帮,,
清zhen,,
青天白日旗,,
强制捐款,,
强制拆除,,
启蒙派,,
七大军区,,
皮箱炸弹,,
纽约时报,,
闹独立,,
南京军区,,
南街村,,
穆罕穆德,,
木仓,,
敏主,,
抿主,,
民族矛盾,,
民竹,,
民猪,,
民珠,,
民运人士,,
民运领袖,,
民一主,,
灭亡中国,,
灭共,,
蒙古分裂分子,,
门安天,,
美联社,,
满洲第三帝国,,
满狗,,
六河蟹四,,
六和谐四,,
六氟化铀,,
六百度四,,
流血冲突,,
刘晓竹,,
刘少奇专案内幕,,
刘宾雁,,
林昭的灵魂,,
林文漪,,
劣等民族,,
列确,,
两岸战争,,
两岸三地论坛,,
两岸关系,,
廉政大论坛,,
联名上书,,
历史的伤口,,
李天羽,,
兰州军区,,
赖达,,
啦沙,,
啦萨,,
啦撒,,
拉萨,,
恐怖分子,,
空难黑匣子,,
亢议,,
军转,,
军事社,,
九学,,
九评共产党,,
九风,,
警匪,,
进攻台湾,,
金盾工程,,
戒严,,
解决台湾,,
解放台湾,,
解放军,,
截访,,
焦国标,,
蒋公纪念歌,,
姜春云,,
济南军区,,
激流中国,,
基督教科学箴言报,,
火乍,,
混帐政府,,
回族,,
回民是猪,,
回民,,
互联网审查,,
胡平,,
侯德健,,
贺卫方,,
核蛋,,
河蟹社会,,
何清涟,,
喝血社会,,
汉维,,
汉人,,
韩国狗,,
海P署,,
国家机密,,
国际特赦,,
国办发,,
规模冲突,,
广州军区,,
光复民国,,
官匪,,
购钓鱼岛,,
共和国之怒,,
共a主x,,
攻占台湾,,
公头,,
弓单,,
告全国同胞书,,
高勤荣,,
港独,,
腐败中国,,
腐败症腐,,
封锁消息,,
粉碎四人帮,,
焚烧中国国旗,,
访民,,
反华暴动,,
反腐败论坛,,
反分裂,,
反party,,
发生暴动,,
贰拾周年,,
贰拾年,,
独夫民贼,,
毒豺,,
第21集团军,,
底制,,
抵制,,
低制,,
邓小平访美,,
登陆台湾,,
党章,,
党的喉舌,,
当局严密封锁,,
弹药配方,,
丹增嘉措,,
大赦国际,,
打台湾,,
打倒中国,,
鞑子,,
哒赖,,
出现暴动,,
城管暴力执法,,
成都军区,,
陈一咨,,
陈随便,,
陈s扁,,
藏西,,
藏人,,
藏民,,
藏毒,,
藏暴乱,,
兵力部署,,
别梦成灰,,
北京军区,,
北京风波,,
北高联,,
爆zha,,
保钓组织,,
霸课,,
霸工,,
霸餐,,
罢运,,
罢学,,
罢食,,
罢考,,
罢工,,
罢饭,,
罢吃,,
罢餐,,
罢参,,
八九年,,
安拉,,
总书记,,
总参谋部,,
主席像,,
主席画像,,
朱云来,,
朱F鸡,,
朱sC,,
朱嘉明,,
朱海仑,,
周生贤,,
周锋锁,,
中央政法委,,
中纪委,,
中华帝国,,
中国当局,,
中共十八大,,
中珙,,
症腐,,
政治局常委,,
政一府,,
政付,,
政腐,,
政俯,,
政百度府,,
政zhi,,
政f,,
郑少东,,
正府,,
赵洪祝,,
张志国,,
张荣坤,,
张培莉,,
张定发,,
择民,,
则民,,
袁纯清,,
于幼军,,
由喜贵,,
伊丽莎白,,
耀邦,,
杨洁篪,,
许其亮,,
徐绍史,,
习太子,,
习明泽,,
奚国华,,
西藏3.14事件,,
吴胜利,,
吴定富,,
无官正,,
瘟家鸨,,
温如春,,
温加保,,
温宝宝,,
温x,,
温jia宝,,
温jb,,
王振华,,
王冶坪,,
王学军,,
王胜俊,,
王洛林,,
王沪宁,,
王鸿举,,
王东明,,
汪东兴,,
土共,,
屠光绍,,
F道部,,
铁凝,,
台独党,,
孙永波,,
孙家正,,
粟戎生,,
苏树林,,
宋平顺,,
沈跃跃,,
_}姆,,
钦定接班人,,
朴槿惠,,
平小邓,,
平近习,,
欧广源,,
内蒙古5.11,,
民泽江,,
孟建柱,,
毛猪席,,
毛|,,
毛相,,
毛晚年周恩来,,
毛太祖,,
毛zx,,
毛zd,,
猫贼洞,,
猫泽东,,
猫则东,,
马恺,,
马飚,,
吕祖善,,
罗箭,,
路甬祥,,
柳斌杰,,
刘志军,,
刘永清,,
刘延东,,
刘奇葆,,
林左鸣,,
林I局,,
林炎志,,
林树森,,
廖锡龙,,
栗智,,
里鹏,,
李月月鸟,,
李学举,,
李小鹏,,
李荣融,,
李沛瑶,,
李建国,,
李春城,,
老习,,
老江,,
老共,,
老j,,
靖志远,,
茳泽民,,
江浙闽,,
江浙民,,
江摄,,
江g民,,
江书记,,
江氏集团,,
江某某,,
江魔头,,
江绵康,,
江绵恒,,
江蛤蟆,,
江哥,,
江二世,,
z察院,,
贾廷安,,
黄兴国,,
黄丽满,,
黄华华,,
黄海刺胡,,
华主席,,
华国,,
胡总,,
胡温,,
胡王八,,
胡派,,
胡海清,,
胡的接班人,,
胡春华,,
胡j涛,,
国锋,,
国峰,,
郭金龙,,
V局,,
狗产蛋,,
供铲谠,,
供产,,
贡挡,,
共一产一党,,
共贪党,,
共铲,,
共产主义的幽灵,,
共惨,,
共残主义,,
共残裆,,
拱铲,,
公产党,,
工产党,,
改革历程,,
傅志寰,,
傅锐,,
锋同志,,
反共复国,,
恶党,,
杜世成,,
杜德印,,
董文A,,
丁一平,,
邓质方,,
邓笑贫,,
邓晓平,,
邓榕,,
邓朴方,,
h主席,,
党产共,,
戴秉国,,
大陆官方,,
大陆当局,,
_喇嘛,,
仇共,,
至立,,
陈同海,,
陈绍基,,
陈建国,,
陈德铭,,
陈炳德,,
常委,,
常万全,,
产党共,,
曾荫权,,
曾宪梓,,
曹长青,,
蔡武,,
蔡赴朝,,
北京政权,,
北京当局,,
暴力爱国,,
白春礼,,
阿共,,
东突厥斯坦,,
法论功,,
转法论,,
诸世纪,,
朱瑟里诺,,
中国教徒,,
哲蚌寺,,
宇明网,,
伊斯兰团,,
小昭寺,,
伪火,,
推背图,,
推bei图,,
统一教,,
炭疽病毒,,
世维会,,
十二煞星帮,,
圣母峰,,
氵去车仑,,
人类灭亡进程表,,
全能神教,,
清真寺,,
清海无上师,,
盘古,,
诺查丹玛斯,,
毛瘸腿帮,,
轮子功,,
轮法功,,
薪,,
拉卜楞寺,,
九评,,
金顶,,
集体自杀,,
活体实验,,
活佛,,
黄教,,
黑教,,
根达亚文明,,
甘丹寺,,
福音会,,
逢八必灾,,
逢9必乱,,
逢8必灾,,
法轮尊圣,,
法轮圣王,,
发论工,,
地下教会,,
大昭寺,,
大*FA弟*子,,
车仑工力,,
超越红墙,,
藏传,,
按照马雅历法,,
藏青社,,
周六性吧,,
针孔偷拍,,
招鸡,,
援助交际,,
应召女郎,,
应招妓女,,
淫亵,,
淫水爱液,,
淫术炼金士,,
淫教师,,
淫电影,,
淫荡迷情药,,
一夜情性息,,
夜勤病栋,,
野外性交,,
要色色,,
艳照门,,
阉割,,
性交课,,
写真,,
校鸡,,
夏川纯,,
下体,,
下面的唇,,
无码长片,,
我要性交,,
慰安妇,,
王子淫传,,
童颜巨乳,,
同志交友,,
体位,,
汤加丽,,
速效迷奸药,,
丝袜,,
双臀,,
兽性,,
少女被插,,
少妇,,
色情网站,,
日烂,,
人体艺术,,
人兽,,
群交乱舞,,
强奸幼女,,
强奸处女,,
喷雾蒙汗药,,
炮友之家,,
欧美大乳,,
嫩,,
内裤,,
免费偷窥网,,
蒙汗药,,
骆冰淫传,,
铃木麻,,
裤袜女优,,
裤袜,,
菊门,,
近亲相奸,,
金麟岂是池中物,,
兼职上门,,
几吧,,
浑圆,,
换妻俱乐部,,
花样性交,,
后穴,,
光伴我淫,,
肛门拳交,,
父女乱伦,,
风月大陆,,
风骚侍女,,
发生关系,,
发情,,
多人轮,,
成人游戏,,
成人网站,,
插进,,
仓井空,,
本土无码,,
被干,,
拔出来,,
爱女人,,
h动画,,
色狼小说,,
走私枪支,,
转膛枪,,
致幻剂,,
炸药制作,,
原子能C,,
隐形喷剂,,
抑制,,
蚁力神,,
u^玩,,
f片液,,
手枪,,
手榴弹,,
强奸丸,,
强奸粉,,
气动枪,,
莫达非尼,,
民爆器材,,
迷情液,,
迷奸粉,,
迷昏药,,
岱绕,,
雷汞,,
咳药水,,
凯他敏,,
精神药品,,
火箭系统,,
仿真枪,,
贩卖毒品,,
促性腺激素,,
吃婴,,
爆轰,,
安眠酮,,
爱他死,,
庄家,,
主席李世民,,
震惊全球,,
侦探公司,,
炸学校,,
摇奖,,
协警,,
香港六星合彩,,
无息贷款,,
透码,,
偷渡,,
淘宝出售,,
探测狗,,
售游戏币,,
手机卡复制器,,
手机定位,,
社会黑暗,,
群发器,,
窃听神器,,
粮荒,,
看牌软件,,
监听王,,
假发票,,
假钞,,
假币,,
u毛信文R,,
活体器官,,
红灯区,,
黑客基地,,
国之母,,
国姆,,
国母,,
高利息贷款,,
飞扬论坛,,
放账,,
放贷款,,
仿真假钞,,
发国难财,,
地下洗钱,,
地下钱庄,,
倒卖军火,,
党鞭,,
贷款理财,,
暴力袭击,,
暴力虐待,,
办假证,,
中国猪,,
真他妈,,
长舌象,,
丫^B的,,
l巴佬,,
下贱,,
无耻,,
卧艹,,
卧槽,,
台湾猪,,
她的,,
他妈的靠,,
圣母白莲花,,
日你妈啦逼,,
全家死绝,,
你他妈,,
你麻痹,,
麻痹的,,
妈了个逼,,
领导干部王八,,
兼职,,
狗杂种,,
狗养,,
狗日靠,,
狗娘养,,
公检法流氓,,
公安秩序搞乱,,
工商税务两条狼,,
帜逼,,
至嗄,,
U物,,
刹笔,,
草你吗,,
操你,,
操你大爷,,
操吃大便,,
擦你妈,,
别他吗,,
香港国,,
澳门国,,
梁振英,,
支持港独,,
港独分子,,
盟战你妹,,
香港独立,,
古兰经,,
一港一中,,
爆菊,,
男粮大雕,,
南海是菲律宾的,,
希拉里,,
珍惜毒品,,
同城约炮,,
尼玛逼,,
灵灵派,,
人民圣殿教,,
阿鲁纳恰尔邦,,
南海不属于中国,,
艾滋,,
sucker,,
杀人放火,,
殖民地,,
侵华,,
金三胖,,
习大大,,
狗男女,,
爱尔兰共和军,,
同居,,
包养,,
南海仲裁,,
臭尼姑,,
臭贼尼,,
蒙古狗贼,,
少林秃驴,,
臭道士,,
大傻逼,,
511事件,,
5.11事件,,
中国共产党,,
天皇,,
天鹅之旅,,
任弼时,,
内蒙古锡林郭勒盟,,
维吾尔大会,,
六0五决议,,
国家领导人,,
杂碎,,
蠢货,,
抽丫的,,
叼你老母,,
绿畜,,
中央,,
习核心,,
习包子,,
彭教授,,
彭妈妈,,
彭麻麻,,
明泽公主,,
庆丰公主,,
齐桥桥,,
打飞机,,
北京事件,,
丫的,,
臭秃尼,,
南海事件,,
嫖妓,,
毒品交易,,
贩卖合成毒,,
独立香港,,
独立台湾,,
独立澳门,,
煮习日记,,
中国公主,,
洗净瓶,,
洗尽平,,
习总,,
习仲,,
习书记,,
习女儿,,
习公主,,
席近平,,
席进平,,
席尽平,,
席尽贫,,
席紧平,,
席金平,,
席巾平,,
习总日记,,
习子规,,
习泽东,,
习爷爷,,
习特勒,,
习思平语,,
习胖子,,
习滥仔,,
习禁平,,
习晋平,,
习劲平,,
习近萍,,
习近凭,,
习近苹,,
习近评,,
习近贫,,
习近拼,,
习进平,,
习仅凭,,
习斤平,,
习家军,,
习皇帝,,
习大帝,,
反习联盟,,
反习集团,,
反习政变,,
刁主席,,
刁特勒,,
刁犬犬,,
刁禁评,,
刁近乎,,
刁金平,,
刁帝,,
刁大犬,,
刁大大,,
第一夫人,,
此席非彼习,,
包子帝,,
,,
煮日,,
中公主,,
洗羝,,
洗M平,,
,,
主席,,
仲,,
,,
女,,
明,,
公主,,
大大,,
席M平,,
席M平,,
席M,,
席o平,,
日,,
子,,
|,,
h平,,
,,
特勒,,
思平Z,,
胖子,,
E仔,,
禁u,,
禁平,,
x平,,
牌,,
近萍,,
近{,,
近O,,
近u,,
近,,
近拼,,
M平,,
H{,,
斤平,,
家,,
皇帝,,
大帝,,
彭,,
彭媛,,
家主席,,
家I人,,
母,,
反盟,,
反集F,,
反政,,
刁禁u,,
第壹夫人,,
此席非彼,,
任宇昕,,
张志东,,
I代理,,
兔c一下,,
兔c下,,
c暨M入,,
情M入,,
私人商,,
私家商,,
孔z象,,
{查婚外情,,
信用卡提F,,
o抵押J款,,
V告代理,,
原音,,
借腹生子,,
找,,
找爸爸,,
代孕,,
代生孩子,,
v客服,,
N售峋,,
免M峋,,
低r出售,,
款到l,,
回涂梢,,
Bi加盟,,
加盟Bi,,
免M二域名,,
免M使用,,
免M索取,,
力神,,
,,
售I,,
刻章k,,
I小,,
套牌,,
雅W,,
X饔,,
l碓,,
下d速度,,
高清在,,
全集在,,
在播放,,
用刀M向切腹,,
四海,,
足球投注,,
地下Xf,,
中团dh,,
阿波_W,,
改卷饶,,
替考,,
出售答案,,
考中答案,,
Y金周D,,
救市,,
股市圈X,,
崩P,,
Y金短缺,,
CO,,
|押J款,,
小~J款,,
⒚骺,,
尚福林,,
孔丹,,
J定接班人,,
平近,,
太子,,
老,,
丶,,
jia,,
,,
丶颖,,
培莉,,
厝绱,,
胡,,
胡,,
胡j,,
胡@,,
湖o掏,,
⒂狼,,
民山,,
江,,
江浙},,
茳擅,,
江i,,
江氏集F,,
平小,,
云,,
朴方,,
榕,,
|方,,
|,,
t|,,
\洞,,
主席像,,
改革v程,,
朱gu,,
朱容u,,
ei,,
A主席,,
A,,
h,,
峰,,
h同志,,
白春Y,,
薄熙,,
常f全,,
炳德,,
德,,
建,,
B基,,
同海,,
董建A,,
傅J,,
郭金,,
胡春A,,
SAA,,
SM,,
Sd,,
靖志h,,
李建,,
李克,,
李沛,,
李s融,,
李We,,
林渖,,
林左Q,,
令,,
柳斌,,
⑸倨,,
⒅拒,,
新民,,
_箭,,
巫嫔,,
R飚,,
R,,
WV源,,
l,,
沈SS,,
宋平,,
K淞,,
O家正,,
F凝,,
屠光B,,
王|明,,
王e,,
王倏,,
王太A,,
王W,,
王振A,,
嵌ǜ,,
o官正,,
倮,,
奚A,,
S其亮,,
徐B史,,
篪,,
於幼,,
袁清,,
曾梓,,
曾a,,
定l,,
高,,
s坤,,
志,,
w洪祝,,
紫,,
周生t,,
朱海,,
中o委,,
大局,,
中局,,
ha共,,
共h,,
共一a一h,,
ah共,,
公ah,,
工ah,,
共ch,,
共xh,,
共P,,
供a,,
共K,,
供Ph,,
供P,,
供Pd,,
共h,,
共主x,,
共a主x的幽`,,
拱P,,
狗a蛋,,
共d,,
狐h,,
d中央,,
Y腐,,
踔醒,,
n中央,,
中央I,,
中A帝,,
大官方,,
北京政,,
共匪=共框非,,
_=_反文旁x,,
法功=三c水去工力,,
鄣,,
阿扁心d,,
圮D,,
安眠,,
奥\t恤衫,,
T食,,
kIC,,
k假C,,
k理大,,
k理o抵押J款,,
k理真文{,,
kWv文{,,
kC件,,
包送,,
北京模特,,
北京小姐,,
I文,,
病不起,,
波佳_,,
捕~C,,
捕~器,,
步,,
政是爹,,
查e人手C短信,,
超波,,
金,,
雄彪,,
志坤,,
程方i,,
出t杏,,
代k,,
代k各NIC,,
代lV告,,
代lN,,
代刻印章,,
代人l帖,,
A,,
德M口R,,
的哥和交警,,
地磅{解器,,
地磅解a器,,
cc裸聊,,
子狗,,
銮粉,,
多yd邦,,
二奶大,,
二奶大,,
l票,,
仿真,,
wC票,,
T勇彬,,
服丈祥T,,
富人cr民工,,
富士,,
乾你姐,,
珠,,
高立新,,
高品|香,,
高哄t,,
各N有效C件,,
各NC件文{,,
公T,,
狗Z,,
股票_,,
航星洗,,
和C你全家,,
胡哥看奥\,,
A茗代考W,,
ATp核P本,,
S金嘴,,
u拔,,
激情裸聊,,
激情l,,
佳it,,
假人民,,
O控器,,
p肥,,
江姐,,
江青丈夫,,
教Y格C,,
她姐姐,,
她奶奶,,
解a器,,
M口,,
精密p速器,,
警察C,,
警用X包,,
警用O,,
狙舨,,
,,
警靴,,
械所,,
用づ,,
_l票,,
_C信息,,
_i工具,,
_票,,
烤,,
靠你爸,,
刻章,,
控制器,,
凡书_,,
林斌,,
林金X,,
⑷喜,,
G~器,,
理影,,
裸聊合法,,
庇,,
麻醉,,
麻醉狗,,
R自_,,
]屁眼,,
美女l,,
T小姐,,
模特上T,,
木制工品,,
奶粉e都有毒,,
奶粉有毒,,
南京大,,
你全家,,
你嗉,,
你泉家,,
你拳家,,
你,,
帕_特,,
皮指yy,,
品牌香,,
品|香,,
夤,,
,,
汽狗,,
_工具,,
},,
情色5月天,,
全新y行卡,,
肉,,
肉削,,
三挫,,
色情5月天,,
沙,,
h除通,,
商r空,,
上T服,,
上T小,,
上T小姐,,
十大典e言,,
rr彩,,
眼R,,
手工lN,,
手狗,,
手CO,,
手C接器,,
手C`,,
手C陕器,,
手D,,
手,,
刷收藏,,
刷淘,,
刷信u,,
p管立式,,
私I,,
四我周,,
他爸,,
他姐姐,,
他奶奶,,
他,,
太城,,
淘白,,
淘收藏,,
替考|量工程,,
天上不,,
天宇二手,,
偷器,,
^警花,,
透,,
透R,,
透器,,
王松昌,,
王f景,,
厍兴固,,
候你全家,,
我的性⒚衫,,
我色,,
我淫,,
我周容,,
先烈的,,
F代伊m特,,
香批l,,
小姐上,,
小姐上T,,
泄},,
新景隆,,
信{10}u{10}平{10}_,,
信u平_,,
性{10}福,,
性W教授,,
修改成,,
修改答案,,
徐mg,,
W位C,,
雅R哈,,
雅思成,,
盍,,
钣路,,
一四我,,
一fN子,,
一帆通,,
tY格C,,
|汽,,
易手C,,
易切削,,
y行卡,,
[形透,,
永磁吸P,,
友通科技,,
Tl盒,,
玉森集F,,
原},,
遭警察打,,
站L巴,,
站L吧,,
文斌,,
意,,
志良,,
找人l帖,,
陕器,,
真,,
真人l,,
真,,
W生v,,
正浩Q化,,
Q考,,
中雷a品,,
主席突,,
祝福你全家,,
,,
９,,
I帖,,
Il帖,,
IS修,,
I修理,,
子,,
走私,,
『震撼』l文件,,
『震撼中』文件,,
《12春秋》,,
《L波》,,
《目睹中改革_放28年之怪F睢,,
《苹果》,,
《色戒》,,
《天音》,,
《天音》］,,
《中民主》,,
６10k公室,,
８.9事件,,
阿不硖,,
阿善G照下d,,
阿姨的偷Q,,
阿姨T奸,,
啊扁哥,,
艾司唑,,
艾斯海提,,
\,,
者同盟,,
者同盟W站,,
劢忝,,
圩檀逖e的,,
安-眠-,,
安定片,,
安魂W,,
安立敏,,
按摩服,,
按摩中心,,
八九C,,
八老,,
八s八u,,
巴赫,,
巴拉斯,,
巴特,,
巴音朝,,
T餐,,
T吃,,
T,,
T凸cb,,
T工,,
Tn,,
白,,
白立朴,,
百度空g有活,,
k高利J,,
k理商Il票,,
kC刻章l票,,
伴我淫,,
包B情D12吉尼斯排名,,
包夜,,
蟾R,,
蟠a聊天,,
暴,,
暴力_突,,
北京,,
北京高,,
北京海,,
北京黑幕,,
北京耪郭i,,
北京京郊,,
北京美女,,
北京市委常委,,
北京市委黑幕,,
北京宣鞑块L,,
北京W生妹,,
北京夜生活,,
北京,,
北京政法委,,
北京政清A名人,,
北美v,,
北美vs,,
北美巡回v法,,
I,,
背著父H偷搞母H,,
被逼,,
被虐,,
被迫,,
被鹱赢子的我,,
苯巴比妥,,
苯乙酸Z,,
避孕套,,
rg,,
革之L,,
,,
器,,
B,,
e致W,,
冰毒配方,,
冰毒制作配方,,
兵N教材,,
病If,,
波由倥,,
伯希,,
博翔F,,
薄格,,
不是易非ж。志空服金生,,
擦鞋C,,
政部^密,,
彩票券W,,
⒅\I⒖假Y料,,
n焱,,
藏D,,
藏青,,
草莓牛奶,,
策屁,,
插插,,
插她,,
插他,,
茶N後,,
U密功,,
L|,,
常委汪兆x,,
超常科W,,
超淫s交女,,
朝河m,,
炒股歌,,
沈默⑹,,
建A,,
c,,
良宇沈浮之路,,
娘宇下_,,
水扁y,,
方安生,,
成都艨诖k,,
成佛做主,,
成人{5},,
成人表演,,
成人Ш,,
成人影W,,
成人激情,,
成人交友,,
成人卡通,,
成人像,,
成人漫,,
成人配色,,
成人,,
成人ND,,
成人D片,,
成人D片激情D片情色D片,,
成人午夜,,
成人笑,,
成人s志,,
成人sI,,
城管,,
城市激情聊天室,,
程渭山,,
程真,,
Vh是犯罪,,
V男l威,,
t淼木,,
赤化,,
丑化,,
臭作尾行,,
出留W必湮锲,,
出售07年6月四答案OR出售四答案六答案,,
出售冰毒,,
出售冰毒配方,,
出售牌[形,,
出售,,
出售毒品配方,,
出售短信群l器,,
出售二手走私,,
出售l票,,
出售高考答案,,
出售高,,
出售工字,,
出售工字U,,
出售假偶兮n,,
出售假n,,
出售假人品,,
出售用手,,
出售雷管,,
出售雷管炸自制炸,,
出售麻古,,
出售迷魂三唑,,
出售F型迷,,
出售手qiang 手C,,
出售手C`器,,
出售手C偷器,,
出售套牌,,
出售套牌I,,
出售b控r截器,,
出售y行,,
出售y行卡,,
出售炸,,
出售政fC,,
出售走私,,
除C,,
女,,
女KY者,,
女KY者{MOD},,
川u和津,,
骶磐巳,,
髡f的胡曾手是一N假象,,
髡嫒喊l,,
髦泄仓醒腙P於17大的人事安排意,,
吹,,
春晚,,
春晚正y文化,,
春夏之交,,
慈悲功,,
穆}地で筘富,,
促t胞生成素,,
崔烈,,
催I,,
催I,,
催情春,,
催情粉,,
催情迷昏,,
催情水,,
催情液,,
痤,,
_^封i,,
_I,,
_米宣教,,
答案l星接收C,,
打{10}倒{10}共{10}a{10}h,,
打保,,
打倒,,
打坦克手,,
打砸,,
大{10}o{10}元,,
大比,,
大彩,,
大法大o@,,
大法傅,,
大法修者,,
大砝弟子,,
大m,,
大w帽,,
大u巴,,
大元,,
大o,,
大o元法功,,
大o元r,,
大o元s志,,
大,,
大嗾,,
大裁者,,
大官T,,
大同修,,
大片,,
大c工潮,,
大s,,
大史,,
大田高山茶,,
大型地W,,
大熊被C,,
大W暴,,
大AM法,,
大SM,,
大苫,,
大s,,
大真人真事,,
大祚s,,
代-k-C件,,
代k外文{,,
代kC,,
代k文{,,
代kC件,,
代kC件{MOD},,
代l帖,,
代Ul票,,
代U,,
代_,,
代_l票{MOD},,
代_商Il票,,
代_增值,,
代ul票,,
代售l票,,
代,,
代孕,,
待_l票,,
蛋白合成激素,,
蛋白合成固醇,,
代八yk公室手官鋈罩,,
代八yk公室守t官鋈罩,,
代十大ouZ,,
代ouZ排行榜,,
代中ouZ排行榜,,
今六大e言,,
今三大扯蛋,,
今四大扯蛋,,
跆箍,,
h保平安,,
h棍,,
h,,
h魁,,
h,,
h炔抠Y料,,
h嗔,,
h,,
h任C,,
h妊允鲁,,
h委,,
h文化,,
h政人事,,
аＴL,,
倒退,,
德R,,
等答案,,
力群自述,,
小平的英文,,
小平的A言,,
小平v英Z,,
f超日,,
狄玉明,,
迪e夏提,,
底,,
抵押免保,,
抵制家犯,,
地磅b控器解a器,,
地磅x,,
地方召,,
地K,,
地西泮片,,
地下的先烈,,
地下的先烈打黼,,
地下刊物,,
地下先烈,,
地下先烈黼,,
地震天l,,
弟疼,,
弟痛,,
弟子,,
fM民主,,
第三h,,
第三道路h,,
第四代,,
第五代t人,,
第五代接班梯,,
第五代中央I人,,
第一,,
覆中政,,
覆中A人民共和政,,
雍J,,
r截,,
信路藏民,,
{家用l星,,
丁元,,
叮丙Z菲,,
,,
定情粉,,
定情,,
|方W,,
|南西北,,
|突,,
|突厥斯坦,,
|突厥斯坦伊斯m,,
|突厥斯坦伊斯m\,,
|洲,,
董存瑞,,
董宜,,
*B*W,,
B代理,,
BW,,
毒赓具,,
立中文P,,
博粉,,
博透器,,
博Ｓ,,
球,,
球W站,,
杜智富,,
渡海登作疬x,,
短信V告,,
短信群l,,
短信群l器{MOD},,
短信商V告,,
短信注,,
共ah清算,,
θAV播,,
ν飧尤耸,,
χ泄驳墓孟⒕褪λ离y者的忍,,
多h,,
多吉u,,
多美康,,
多S,,
多S新,,
落指南,,
屙民,,
焊,,
焊闳嗣,,
焊阃,,
壕,,
恩Z欣,,
二奶大,,
二奶大,,
l-票,,
l/票/代/_,,
l愣,,
l,,
ldal,,
l工,,
l,,
lS,,
l],,
l功,,
l功果,,
l票代_,,
法  功,,
法',,
法++功,,
法--功,,
"法.{0,6}.{0,6}功",,
法.,,
法..功,,
法/,,
法//功,,
法;,,
法@,,
法L功,,
法,,
法？？功,,
法龉ち,,
法游,,
法,,
法拉盛,,
法拉盛街,,
法,,
法{5},,
法弟子,,
法佛法,,
法一,,
法正,,
砝,,
砝,,
砝,,
m(工力)WT,,
m.功,,
樊守志,,
反,,
反08奥\,,
反共ah,,
反共a主x,,
反腐攻,,
反革命政VI,,
反攻,,
反攻大,,
反共,,
反共言,,
反民主,,
反人罪,,
反中,,
反中共黑色暴力,,
u,,
方丈哭曰,,
方定{,,
方舟子,,
方祖岐,,
芳香型智悟夤,,
防拍器,,
防身水,,
仿石,,
仿真假n,,
放青春,,
放光明制作中心,,
w天舞蹈W校,,
斐得勒,,
U除诮毯名,,
Uy,,
分家在,,
分析王,,
粉刺,,
粉嫩小洞,,
粉碎林材料,,
粉碎林反h集F反革命政的斗,,
L雷游虻顷,,
L流名妓K小小,,
L花,,
佛焉砍痄,,
扶不起的阿斗,,
服掌魍泄,,
服杖T,,
服招〗,,
浮情浪子,,
府弱,,
付申奇,,
D的哀羞,,
T官代表,,
T官V求,,
娃D人,,
副,,
副主席,,
傅成玉,,
傅申奇,,
噶吧,,
改革六大成,,
改革痛,,
乾 你 ,,
乾她,,
乾,,
乾老母,,
乾,,
乾娘,,
乾你b,,
乾你逼,,
乾_c哪季枋录回放,,
乾他,,
乾以,,
甘油,,
感又y人物揭,,
_器,,
港澳博球W,,
高低亟蛔嵩箱,,
高乾,,
高乾新子弟,,
高,,
高肿拥,,
高肿优,,
高官,,
高rD火票,,
高效春,,
高校T餐,,
高瞻,,
睾丸素,,
搞晚,,
告e蒸\,,
告全股民同胞,,
告全人大,,
告全wW民,,
告中人民解放V大官兵,,
哥疼,,
哥痛,,
哥言Z,,
割肉人,,
革命o罪,,
葛振峰,,
蛤蟆,,
蛤蟆D世,,
人崇拜,,
人AMf,,
邪的h（魔教）,,
跟定位器,,
更衣,,
工力,,
工商y行用舻顷,,
工I炸配方O,,
公安文件,,
公安c武警的^e,,
公a王朝,,
公a小丑,,
公aＶ,,
公款,,
公民大盟,,
公子h,,
公子族,,
功德AM,,
功法,,
功W,,
功WT,,
功友,,
功友弟子,,
攻_,,
平?,,
共+a+h,,
共+P+h,,
"共.{0,6}a.{0,6}h",,
"共.{0,6}P.{0,6}h",,
共.a.h,,
共.ah,,
共Kh,,
共a,,
共a.h,,
共ah的,,
共ah的末日,,
共a小丑,,
共a主x黑皮,,
共Ph,,
共和之怒,,
勾清明,,
狗逼,,
古怪歌,,
古拉格,,
乖乖,,
PC房,,
P於扯中有P政政策界限R,,
P於堂明皇c钯F姬,,
P於做好定案材料工作的意,,
官龆巫,,
官t,,
官鋈罩,,
官鲰口溜,,
官T成檎治新星,,
光端C,,
光Pc真相,,
V安事件,,
V|平X|,,
V州火春\,,
硅谷民主促M,,
桂世O,,
郭平,,
歌股歌,,
H援西藏,,
H西藏\,,
H援藏W,,
H足五大,,
家Z油y蟊,,
家政府n案,,
民h名,,
色天香W,,
新k主任,,
研新]件,,
之利刃,,
哈批,,
海I的悠e,,
海量群l,,
n文身份C生成器,,
n杼I,,
hL,,
a生成器,,
浩方φ酒脚_活,,
何德普,,
和奸成a,,
和解的智慧,,
和平,,
和平修,,
河核污染,,
核O施,,
核污染,,
R邦靖,,
褐FVxVO,,
黑,,
黑粑d,,
黑幕重重腐〉降,,
黑皮,,
黑,,
黑瞎子u,,
黑G工母HW上ぶ,,
黑G母H群w募捐,,
嘿咻,,
弘法,,
t病v,,
t潮e言,,
t潮G史,,
t河谷,,
t魂W站,,
t旗漫漫,,
t色F族,,
t色角落,,
tF,,
t太是怎N起的,,
tl兵,,
t血z,,
t志,,
t智,,
宏踏鞋,,
宏恩,,
宏法,,
宏志,,
宏治,,
洪法交流,,
洪巨平,,
洪水的志向,,
洪吟,,
洪治,,
洪智,,
後方想定的,,
後勤Y料手,,
胡江,,
胡M,,
胡,,
胡嘏批政法系y,,
胡下_,,
胡耀,,
胡中央,,
胡主席⒌氯A,,
虎雄心,,
虎C,,
o士,,
A藏功,,
在肉身@F,,
紫禁城,,
雅f,,
Q秒[,,
Q偶,,
皇冠投注,,
S海暗⑹录,,
S色影,,
S色D片,,
S海暗,,
S海事件,,
S褐斑,,
S金,,
S局,,
S菊,,
S菊z孀,,
S霉素,,
S色激情小影,,
S色漫,,
S色W站,,
S色文W,,
S色小fS色D片,,
S色影,,
SWШ,,
S作d,,
簧片,,
回民暴,,
回民i,,
回六四,,
悔^,,
算化,,
慧W,,
昏迷,,
活w,,
活摘器,,
火出,,
霍英|,,
u八,,
u吧u巴,,
u奸}穴}水,,
基地M校@招聘,,
基督`恩布道F,,
激流中,,
激情大片,,
激情美女,,
激情D片,,
激情文W,,
激情一刻F雒,,
激情自拍,,
及川奈央,,
吉炳,,
吉祥,,
O度T惑,,
O景,,
急聘兼打字T,,
急聘兼文字入,,
疾病If,,
集w上L,,
集w做,,
o律z查,,
妓女的口,,
加非：F世界vU,,
加府,,
加wC密××××,,
加油C乾_器,,
家犯,,
家用天,,
家用l星,,
甲基苯丙胺合成工,,
Z系,,
Z育_,,
Z治邦,,
假=>>,,
假懦鍪,,
假教育,,
奸魔Ⅱ,,
O,,
OO,,
Oz管理局,,
Oze的斗,,
章,,
易原子制作,,
易炸制作,,
建定防火,,
教材,,
江{1}擅,,
江公子,,
江黑心,,
江心,,
江家,,
江\a,,
江老\,,
江路,,
江H,,
江魔^,,
江牌,,
江派和胡派,,
江派人R,,
江青××,,
江青同志在批林整LRhA|M和中南M上的v,,
江青在批林反孔h上的v=×××,,
江泉集F,,
江人R,,
江三l腿,,
江三秀,,
江神,,
江氏家族,,
江梳^,,
江宋,,
江系人R,,
江晒,,
江擅袢鹗,,
江擅袼巫嬗,,
江者民,,
江朱,,
江i媳,,
江作秀,,
姜Pw,,
疆藏,,
v事 要f法,,
Y匪部以上主官情r{查,,
降拿,,
ui媳,,
交班,,
交Q夫妻,,
交警,,
交友W,,
z|炸,,
焦ǔ,,
角落e的,,
教徒,,
教徒人,,
A橙,,
接班,,
接班群w,,
揭黑幕,,
姐姐_苞,,
姐疼,,
姐痛,,
解放的最新式服=>*@*,,
解厚,,
解w的命\,,
解W智,,
解振A,,
今有V|,,
金舜禹,,
金道,,
金y,,
金晌淖,,
津人治津,,
近平,,
近H,,
禁忌玩,,
禁看,,
禁室培欲6赤色⒁,,
禁W禁片,,
京夫子,,
京郊旅游,,
典Z,,
租房,,
@暴p乳,,
@悚空g,,
晶白w,,
精_答案,,
警/用X包,,
警花肉搏奸h,,
警用教材,,
Q白w,,
Q水器,,
o坐,,
九-u,,
九.u,,
九jiuu,,
九・十・三\,,
九u{5},,
九u公ah,,
九十三\,,
f金山I^,,
具有中特色的魔鬼o典,,
^版,,
^人寰的暴行,,
X醒了的中,,
Ll威=PK,,
乾部DIT工作文件R,,
走私,,
火,,
事颂,,
事地D,,
事大V,,
事u定俗,,
委公_信,,
需物|保管,,
需物Y保管,,
用地D,,
用教材,,
用手,,
政名,,
D安置,,
D乾部,,
咖啡文化,,
卡耐基,,
卡通,,
卡辛{大道和三福大道交界,,
_民主,,
_天目,,
刊文回x,,
康本,,
康成元,,
康,,
抗菌wS,,
抗h,,
抗h磁腋,,
抗h中共局,,
考後付款,,
考前l放,,
考研答案,,
考答案,,
科西嘉立,,
w粒包bC,,
可,,
空y,,
空中民主,,
恐怖分子 第一步 炸,,
恐怖分子必,,
恐怖分子皮箱炸,,
恐怖分子傻瓜手,,
恐怖牢\,,
恐共,,
恐⑹,,
口技,,
口香糖炸,,
扣,,
酷刑罪**,,
跨世o的良心犯,,
快操我,,
狂乾,,
狂搞,,
昆雠神功,,
捆,,
拉陀握f,,
拉登熟知中,,
拉登中,,
拉票Vx,,
拉_}y,,
拉_僧人接B抗h,,
拉_事件,,
喇嘛,,
昌星,,
郎咸平,,
诠び^察,,
诮袒金,,
老 婊 子,,
老虎C定位器,,
老虎C上分器,,
老毛,,
老衲痛啊,,
老人政治,,
雷_y速器,,
雷管制造技g,,
雷Q球,,
冷,,
黎安友,,
黎u,,
黎智英,,
李 洪 志,,
李{10}洪{10}志,,
李崇Y,,
李崇仁,,
李崇禧,,
李髑,,
李大,,
李大,,
李登x,,
李登xy,,
李t志,,
李t智,,
李宏治,,
李宏智,,
李洪智,,
李洪痣,,
李洪I,,
李志,,
李智,,
李良x,,
李i之女,,
李三共志,,
李少民,,
李バ诺墓P供,,
李文斌,,
李向|,,
李小朋,,
李h哲,,
e藏春,,
v史篡改者,,
v史上的真故事,,
BY料,,
花gF,,
Bl,,
T,,
合起V廉政大,,
合起V最高人民法院,,
名上,,
@,,
之,,
之,,
功群,,
器,,
梁擎墩,,
砂独u子υ,,
砂蛾P系,,
膳斗,,
尚钥袂,,
尚砸y,,
|工潮,,
劣等人N博彩,,
烈火P凰,,
烈火P凰紊取x,,
C,,
C⑿茇,,
林海唐,,
林彪事件真相,,
林彪元事文,,
林樵清,,
林慎立,,
林昭o念,,
R震A,,
`修Fw**,,
凌h,,
凌虐玉T,,
下d,,
菱恝,,
IО嘧用瓮庑,,
Iжa公示,,
I宇A淙诉x,,
I人,,
I人最大容,,
I人最容,,
令狐安,,
令狐,,
⒋毫,,
流氓警察,,
流X,,
流水穴,,
流亡,,
流亡藏人,,
流亡中的自在,,
留四M三,,
六●四,,
六彩,,
六代接班人,,
六合,,
六答案,,
六_W,,
六四母H,,
六四青年W,,
六四受y者家僮Co,,
六四宣言,,
六四\,,
六四Y料^,,
六一零,,
六月盟,,
露c,,
露乳,,
露乳D,,
露胸D,,
露穴D,,
露,,
俊,,
空地D,,
委,,
鹿鼎趣,,
X,,
氯三苯乙烯,,
氯硝安定,,
y交的故事y小f,,
y交y淫y,,
-理--影,,
_理__影,,
敦西藏W,,
公,,
攻,,
S公,,
S功,,
S攻,,
奸虐,,
子小,,
公,,
功,,
攻,,
群l王下d,,
自影lNC,,
裸乾,,
裸女ε,,
裸w,,
裸w激情,,
雒,,
,,
的=>他*的,,
麻衣,,
麻醉迷幻O品,,
R家爵的一句在鼍察都落I,,
R硭崦赃_唑,,
Rb,,
R英九y,,
a,,
I春I淫,,
I答案,,
角酸,,
u答案,,
u身契系列,,
肉,,
毛{1}|,,
毛|,,
毛洞,,
毛都露出,,
毛共,,
毛光烈,,
毛如柏,,
毛r代大|荒揭秘,,
毛|突,,
毛|突钺,,
毛|侄子,,
毛主席的嫡O,,
毛主席P於人民人民及其鹇鹦g述的摘,,
毛主席批示,,
毛主席有P指示,,
毛主席致江青同志的信,,
毛主席Y料,,
美服,,
美S吾,,
美原b手C子O控,,
美甲,,
美女,,
美女S色,,
美女人wg,,
美女上T,,
美女野球拳,,
美女做,,
美少女麻雀,,
美腿真,,
妹疼,,
妹痛,,
艋寐^,,
猛男奸,,
蒙-汗-,,
蒙古回w,,
蒙古教育文化基金,,
蒙古牧民合,,
蒙古之友,,
蒙汗,,
蒙汗{5},,
蒙M喜,,
艟W洪志,,
咪_唑,,
迷-魂-,,
迷/魂//迷/昏//三/唑/,,
迷{5},,
迷幻精A素,,
迷幻蒙汗,,
迷幻液,,
迷昏蚊香,,
迷昏香,,
迷魂,,
迷魂洞,,
迷魂蚊香,,
迷魂香,,
迷魂=>>,,
迷魂激情,,
迷奸表妹的小香穴,,
迷,,
迷x的嫂嫂,,
迷情=>>,,
迷失北京,,
迷香,,
秘密入,,
秘,,
秘密花@,,
蜜穴被插,,
da,,
免抵押J款,,
免M偷拍,,
免M淫影,,
民告官,,
民g流行的官龆巫,,
民g手工品,,
民警,,
民,,
民意,,
民\分子,,
民\信息中心,,
民i,,
民主不能等待,,
民主,,
民主u,,
民主,,
民主之,,
民族分裂,,
民族},,
h耀中,,
名山h,,
明Hui,,
明慧{5},,
魔教,,
魔界活愚D^,,
魔y,,
末世劫y,,
末世,,
莫,,
漠生命自私到了Oc的中共政,,
牟新生,,
某s志部,,
母之欲火,,
母子,,
母子情欲小f,,
木犀地,,
人,,
奶^真t,,
南A早,,
能力主,,
尼帐器吸其目哦p易,,
你娘的,,
你退了,,
年春衫薄,,
B巢缺陷,,
o茂生,,
r民真正困的根源,,
奴事件,,
女教,,
女女,,
女色情自拍,,
女神教,,
女片,,
Z,,
W筛,,
拍花子,,
拍肩迷,,
派系斗,,
炮兵⒅\手,,
炮Z密妃,,
炮ZF道部,,
跑官要官,,
,,
尿,,
F迷,,
F型,,
彭,,
批林整L⒖疾牧,,
皮箱炸造,,
皮|固醇,,
_局,,
嫖u,,
平安夜自,,
平y芳,,
迫害m(工力)HM,,
迫害o辜何r了,,
迫害致死,,
迫近水危C,,
破,,
破碎C,,
破W,,
菩提功,,
蒲海清,,
蒲F,,
濮洪九,,
朴Q呼,,
曝光王,,
七宗罪,,
祁建,,
企IR蟊,,
企I如何建立W站,,
汽爆炸案F,,
器官u,,
千u湖之旅,,
千源,,
前考,,
前期的弓足e提在理睬你,,
n麻疹,,
X\,,
Q制Wj言,,
在用,,
 到付款,,
模,,
⑼踔酒,,
手,,
支,,
支火,,
奸II-制服T惑,,
奸少D,,
,,
烈抗h中共局,,
/},,
答器,,
Z,,
}火,,
u丁酸,,
滩ㄊ然雪^,,
切波特,,
`器材,,
`O,,
`王,,
H鄣陌职旨橐我,,
H共分子,,
H共媒w,,
侵犯外＠,,
Jc接班人,,
秦x,,
秦青的幸,,
沁@春血,,
青u石化目引l市民恐慌,,
青鞘二房,,
p松制作原子,,
清饶,,
清少D,,
清官F,,
清海父,,
清A,,
清明到了,,
情色{5},,
情色大片,,
情色影,,
情色光碟,,
情色呻吟,,
情色ND,,
情色帖D成人漫性D片,,
情色D片,,
情色文W,,
情色小f,,
情色影片,,
情色影院,,
情欲小f,,
,,
c公y幸\抽活,,
球彩,,
去他娘的,,
全范教,,
全*揭远奶,,
全二奶,,
全二奶大,,
全二奶大,,
喽,,
嗔瓜分,,
嗔核心,,
_保北京的水利,,
_保h家C密安全定,,
裙底走光,,
群l器,,
群砍血腥rg,,
群射,,
群w缃^,,
群w缃^罪,,
群w事件,,
崾塾⒄Z四六考答案,,
嵫江湖,,
嵫江湖私服,,
人工少女,,
人罪赫,,
人民笥,,
人民焊,,
人民大r事⒖,,
人民\,,
人民真蟮,,
人妻F虐曲,,
人全球春晚,,
人汗,,
人事任免,,
人事推y,,
人事Ay,,
人事A言,,
人Fy交,,
人F性交,,
人wg,,
人cFy交D片,,
人宇特能功,,
仁吉旺姆,,
仁青加,,
任擅,,
日本B嫖客,,
日你=>我是i,,
日您,,
日批,,
日他,,
如何造原子,,
如何制作原子,,
如何做炸,,
如何做炸,,
乳交乳,,
辱,,
入h申,,
瑞公司,,
_斯病,,
克W,,
R,,
三班W人派,,
三二二攻_作,,
三二二攻_作鹩,,
三坊七巷火,,
三,,
三片BT下d,,
北七,,
三面翻,,
三浦奂,,
三三九乘元功,,
三水法,,
三退,,
三唑,,
三唑雎樽硪颐,,
三唑雒曰晁,,
三唑銎,,
}逼小fS色小f,,
}y,,
}妹,,
}媚春情,,
色-情,,
色戒高清晰未h版,,
色戒未hp,,
色戒oh版,,
色狼W,,
色狼W色狼俱凡,,
色情{5},,
色情,,
色情影,,
色情服,,
色情D片,,
色情小影,,
色情小f,,
色友,,
⑷耸录,,
沙皇李L春,,
山寨手C,,
上_T_服_,,
上床,,
上L,,
上海偷狞S昏,,
上海拆w悲喜,,
上海交大,,
上海性息,,
尚勇,,
旗,,
少女高潮,,
少女俱凡,,
邵家健,,
奢,,
社,,
社民主主x,,
社民h,,
涉_政局,,
身份Ca生成器身份C生成器件,,
神的教,,
神佛,,
神鬼18妓,,
神州曰阡,,
神州影制片S,,
神洲影,,
沈昌人w科技,,
查①者,,
B透中共,,
N天,,
生化武器,,
生命涞姆植,,
生者和死者,,
省委大T集合,,
省政府大T集合,,
}`重建教,,
盛光祖,,
盛雪,,
失密,,
失身,,
失,,
失意,,
父父法身,,
,,
十八大,,
十大裁,,
十大涸~,,
十大忽悠名言,,
十大及中名,,
十年y××,,
十七大L,,
十七大你D折了,,
十七大嗔霸,,
十七人事安排,,
十七位老部L,,
石戈,,
石生,,
石宗源,,
r代互,,
r期打了状挝以俅闻段,,
H神,,
史上最容的中家I人,,
世界基督教y一神`f,,
世界十大裁者,,
世界以利福音宣教,,
世界之T,,
l衣,,
l自拍,,
l自慰,,
是束告瓷，害突W解,,
是中社的圩滩,,
收取小M,,
手qiang,,
手把手教你作原子,,
手把手教你做原子,,
手C/截//器,,
手C/`//器,,
手Cqie/器,,
手C定位OR手CO,,
手C短信群l器,,
手C椭瓶,,
手C跟,,
手CO定位器,,
手CO器,,
手C,,
手C下d,,
手C魔卡,,
手C`//器,,
手C`器,,
手C`O,,
手C偷器,,
手C信屏蔽器,,
手C游,,
手Ch程`器,,
手C追器,,
手如何做,,
手足口病,,
首L,,
售麻醉,,
,,
,,
舒淇,,
熟女之惑,,
溆H民形象不如推诱改,,
刷,,
p浩,,
p,,
p腿g的禁地,,
爽死,,
l是胡的接班人,,
l楦⊥聿唾I,,
水扁,,
湛局致歉,,
利通^考,,
zm聊天室,,
zm美女,,
zm真,,
司法警官,,
司Rx,,
司R璐回,,
司RxF力瓦地,,
私彩,,
思潮,,
斯皮博客北京奥\,,
斯鑫良,,
死亡日志,,
死亡日I,,
死刑^,,
四川大地震象揭密,,
四川朱昱,,
四二五事件,,
四海女逃亡G旅,,
四答案,,
四六答案,,
四人筒牧,,
四小a,,
四N,,
松花江污染汕尾事件,,
搜客,,
K丹_,,
K家屯集中I,,
K情rR,,
素女,,
宿命,,
塑z原料的流有,,
O悟空和雅典娜的故事,,
他的=>他*的,,
他的的,,
他娘的,,
它的,,
塔形流,,
塔克拉乾人嗦合,,
_海盾牌,,
_海刀,,
_,,
_彻埠,,
_,,
_立,,
_秤嗒立,,
_晨y,,
太王四神,,
太王,,
太王死神,,
太}殿教,,
太子h,,
太子h名,,
泰州文教局停售通知,,
官,,
覃志,,
T力,,
探y定位器,,
唐捷,,
哥,,
滔天大罪,,
陶x,,
陶x污行V案,,
套牌,,
套牌T吃,,
特ehM,,
特rHC票,,
特R,,
特C,,
v文生,,
v幸\之星,,
滕久明,,
滕文生,,
提供K粉OR冰毒,,
提供甲基苯丙胺,,
替.考,,
替比夫定,,
替考托福,,
天安To念基金,,
天安Trg,,
天府V黾,,
天父的号,,
天F,,
天互,,
天津事件,,
天王朝,,
天缰,,
天缰泄,,
天怒,,
天,,
天要,,
天要缰,,
天要亡,,
天音功,,
田P山,,
田明建rg,,
舔私,,
庭 妍,,
挺胡,,
通示_,,
通信S,,
同房,,
同居社^,,
同拥娜,,
童奴工,,
童屹,,
y治g,,
捅你,,
捅我,,
偷Q,,
偷Q有罪,,
偷情,,
透照片,,
凸cb,,
突破技g,,
突破W封索的件,,
突破Wj,,
突破Wj封i,,
Df文化大革命,,
涂\普,,
屠e,,
土制C4,,
吐血,,
F派,,
推翻社主x制度,,
退h集,,
退出hF,,
退出共ah,,
退h明,,
退改x,,
退F明,,
衣舞,,
h,,
F,,
衣,,
瓦解Ｖ,,
外蒙,,
外球,,
外a,,
f_l浴,,
f能匙,,
f言,,
汪岷,,
汪兆x公_信,,
亡h,,
亡,,
王Ml,,
王,,
王策,,
王力雄,,
王若望,,
王S林,,
王希哲,,
王倔,,
Wj代理,,
Wj代理件,,
Wj推V件,,
Wj宣鞯恼嫦,,
WjIN工具,,
Wj自由盟,,
W上kC,,
W上kC刻章,,
W上博彩,,
W上代考,,
W上淫x色情游,,
W游血美女左小娜,,
W,,
微型o[型耳C,,
辄h不,,
@土地}的攻防,,
`禁品,,
S多利包,,
S喾葑,,
S嗑W,,
S吾人,,
S吾信息社,,
嗡,,
窝b美女,,
隗福R,,
l星接收器,,
l生⒖假Y料,,
l星安b{,,
l星安b,,
l星天接收器成人l道,,
未淼淖杂芍在民g,,
慰安D,,
魏|死亡,,
魏新生,,
丶冶,,
丶冶なY┯,,
丶亠,,
叵屡_,,
匦菰退,,
,,
乜理,,
瘟家d,,
瘟假d,,
瘟再杆五年,,
文革,,
文革放,,
文件秘密,,
文字z,,
翁虹,,
瓮安,,
瓮安暴y,,
瓮安}y,,
C囊的中,,
C囊中,,
我XX你,,
我的第一次外遇,,
我的後伐中宣部r代,,
我的B羽兄弟,,
我的性⒚,,
我靠=>我*,,
我自吧,,
我是回民,,
我m死去,,
我所犯乐氐姆较蚓路e`的z查,,
我在黑暗中,,
跆m木,,
蹼其木格,,
w林,,
巫毒娃娃,,
o,,
o界{5},,
oa片,,
oa影,,
o毛,,
oW界,,
oW界g[,,
o跟O,,
o[形耳C,,
o孔z像C,,
黔花,,
腔,,
且岸,,
梧桐文化,,
五不,,
五出三M,,
五大常委,,
五部L一省L,,
五毛h,,
五星宏x,,
午夜激情,,
伍凡,,
伍B祖,,
武hk^,,
武警,,
武林情皇,,
武vm,,
武藤m,,
侮辱老,,
夕湮枳,,
西藏暴y,,
西藏,,
西藏家民主h,,
西藏基金,,
西藏,,
西藏青年大,,
西藏人民大起x\,,
西藏人嗯c民主,,
西藏}y,,
西藏天葬x式,,
西藏W,,
西藏信息中心,,
西藏正x,,
西藏之,,
西藏之,,
西藏作家M,,
西蚊裰,,
西山h,,
吸,,
吸血R恩,,
希望之HV播_,,
昔有山西,,
洗瑙,,
下法,,
下每理人x,,
先天健康法,,
F代人的五大悲哀,,
F代G帝,,
F代英雄髌,,
F代中,,
限制,,
香港彩必中六肖,,
香港大游行,,
香港S大仙,,
香港惠缮缛,,
香港六和采,,
香港明,,
香港支,,
香港部,,
香港彩,,
香功,,
香型麻醉,,
向巴平措,,
宗西,,
消防,,
消I,,
消I之f,,
硝化棉,,
N售用手,,
小弟弟,,
小影,,
小活佛,,
小碜,,
小平v英Z,,
小穴六四,,
小涩莉,,
小A,,
小@,,
肖,,
校花沈S,,
校T官,,
校@o坐,,
邪,,
邪?,,
邪狐h徒,,
邪汗伯ah,,
邪航擅,,
o十七大人大代表一封信,,
x安,,
心藏大,,
新八s八u,,
新h,,
新歌,,
新疆暴y,,
新疆反恐o,,
新式服,,
新唐人_,,
新唐人晚,,
新搪人_,,
新自由,,
新署粗暴,,
新s教,,
新中A鹩,,
新T侯,,
信屏蔽器,,
信息群l件,,
dA,,
星火,,
星崎未,,
星Wj影公司,,
刑警,,
行房,,
幸\大玩家查,,
幸\大玩家登,,
幸\大玩家M入,,
幸\用舨樵,,
幸\用暨M入W站,,
幸\用舸_J,,
性{1}福,,
性垭影,,
性劢逃,,
性廴沼,,
性畚淖,,
性福人生,,
性感,,
性感淇,,
性感沙,,
性交大,,
性教官,,
性奴I,,
性W站,,
性息W,,
性信息交友,,
性游,,
胸部,,
胸罩,,
熊炎,,
熊焱,,
徐邦秦,,
徐匡迪,,
徐水良,,
玄`C,,
穴,,
W潮事件,,
W姐和我的故事,,
W生\诱名,,
W生o坐,,
W生信仰,,
W班,,
W院+暴,,
W院暴,,
雪染h朱,,
雪山{子,,
雪山{子旗,,
血R人民天堂,,
血卡,,
血色京C,,
血色京畿,,
血色黎明,,
ふ伊终训撵`魂,,
循h回,,
f片渣,,
洲床上色情,,
洲美女,,
洲自由_,,
洲自由之,,
}F箱,,
演[中失髡y文化,,
G舞,,
燕玲,,
燕南u,,
洋妞上T,,
B殖舻那缶,,
耶d基督血水}`全涓Ｒ舨嫉F,,
野性淫魔,,
I力回,,
I力,,
~子楣,,
夜半加,,
夜激情,,
夜,,
液厚R_,,
一般炸制作,,
一h,,
一h裁,,
一hＵ,,
一妓女的年度Y蟾,,
一人的奥林匹克,,
一S,,
一刹,,
一四我周容重}工,,
一四我周容重}工o亮,,
一通功,,
一夜情俱凡,,
一夜情迷奸,,
一夜性W,,
一中一_,,
一字解特a,,
伊波拉瘟疫,,
伊|,,
伊斯m\,,
伊布特,,
宜昌h市L,,
z忘,,
以身o法,,
以血o法,,
x解,,
亦凡,,
氟烷,,
人士,,
h人士,,
易趣在物,,
易志熹,,
道被捅,,
道D,,
o插小穴,,
o插道,,
,,
毛小穴,,
淫少D之白,,
淫x影,,
淫奸,,
淫奸女影,,
淫y的女子,,
淫y影,,
淫魔舞,,
淫女老,,
淫情女老,,
淫色少D,,
淫FW院,,
淫D,,
[私1D片,,
[形R,,
[形o耳C,,
印尼劫A人Ya,,
印尼伊斯m祈\F,,
英Z四六答案,,
丫,,
成人,,
IN利,,
化官T,,
移帕_花,,
T惑,,
於大海,,
於浩成,,
N英r,,
於淼林,,
c表妹通奸,,
宇宙真理,,
宇宙主佛,,
Z音V告群l,,
玉,,
玉女淫情,,
玉蒲F之偷情b,,
AyI人,,
域名浒,,
欲望,,
欲望地下城,,
欲望格斗,,
欲望格Y,,
欲望候室,,
欲望之血,,
YwK文,,
YK文,,
元O功,,
原朱g基,,
原子,,
原子的DIY制作,,
原子的易制法,,
原子的理,,
原子的制作方法,,
原子制作方法,,
原子＜,,
袁ッ,,
s暴,,
岳武,,
石,,
在火上被人奸,,
在家e做原子的方法,,
在十月,,
在博彩W站,,
昝圩,,
v,,
|,,
擅褫功,,
p_,,
炸怎N做,,
炸制作,,
炸,,
炸配方,,
炸制作方法,,
鸲l令,,
鹨WV,,
文彬,,
宏堡,,
丕林,,
五常,,
づ窬N,,
找工行,,
找建行,,
找r行,,
找政府u理,,
wFN,,
w紫晚年出\,,
w紫最後的C,,
哲民,,
孔,,
孔z像^,,
真、善、忍,,
真空度yx,,
真名三退,,
真情大反M入W站,,
真善忍?,,
真相,,
真象,,
震撼u淫女,,
震撼你的心l,,
Qs志,,
征途,,
征途私服,,
拯救紫坪,,
整C官,,
整形美容,,
正法,,
正fa票,,
正周刊,,
正念正行,,
正邪大Q,,
C件k理,,
C券I,,
政,,
政治汗,,
政治小丑,,
脂溢性皮炎,,
I托福手,,
制服,,
制服T惑2地下法庭,,
制作u^丸配方,,
制作原子,,
制作原子-新,,
制作炸首先要制作炸,,
制做液w炸,,
致胡的公_信,,
中俄界新s,,
中俄密s,,
中功,,
中共成人影W,,
中共h魁,,
中共第六代,,
中共媒w,,
中共榷,,
中共十七大幕前,,
中共太子,,
中共y治,,
中共亡,,
中共王朝,,
中共W特,,
中共o,,
中共心中最大的恐,,
中共政腐饶,,
中共政治流氓,,
中共政治新星,,
中共中央材料,,
中共中央大Q血,,
中共中央黑幕,,
中共中央文件,,
中共中央Y料,,
中蠼,,
中成人通,,
中成人W,,
中成人W站,,
中承J影W中成人W中成人通,,
中泛{盟,,
中改革年代政治斗,,
中高嗔Χ,,
中高尤耸伦咏庾x,,
中革命h,,
中家I人的最容,,
中家I人子女任名,,
中家I人最容,,
中海外腐”F,,
中六四真相,,
中民主h合部,,
中社的艾滋病,,
中十大悲情Z句,,
中是全球唯一不能惹的家,,
中特色ee字,,
中ouZ,,
中性鄢侵性城,,
中在y一}上的投降主x,,
中政『明日之星』,,
中政『清A汀皇O而衰,,
中政新星,,
中政新星中的四大天王,,
中政治新星,,
中A大地思考,,
中A大,,
中美家I人的子女Iφ,,
中南海的嗬游,,
中南海斗,,
中南海高嗬斗,,
中南海@F|m小朝廷,,
中南海秘,,
中南海榷,,
中南海饶,,
中南海怆密布,,
中文搜性W,,
中央文件,,
中央Y料,,
R山L雨,,
eひ坏囊l,,
重c服bS,,
重c,,
重c婚z影,,
重cV油C,,
重c木TS,,
重cW站建O,,
重c物I公司,,
周恩曰,,
周恩磲峄,,
周恩碜载,,
周刊o事,,
周水同志在全省工交工作h上的蟾,,
周天法,,
朱血,,
i操,,
i哥6合W中W址盟,,
i@畸,,
-I承-接,,
/I,,
？飘I,,
I代考,,
D{10}法{10},,
D法,,
D冰毒配方,,
殃,,
追器,,
啄木B公司,,
子女任名,,
自,,
自摸,,
自,,
自由蒙古在,,
自由W,,
自由西藏W生\,,
自由作,,
自由洲,,
自由之T,,
自制原子,,
自主I官,,
宗教浩,,
理接班人,,
走光,,
足球博彩,,
阻止中A人民共和y,,
最高^密新,,
最快蟠a室,,
作弊器,,
坐交,,
坐_,,
做厶舳,,
做u,,
做,,
做原子,,
代血{,,
普萘洛,,
呋塞米,,
西布曲明,,
胰u素由L因子,,
地西泮,,
尼可x米,,
甲睾酮,,
地奈德,,
莫_非尼,,
氯噻嗪,,
第一代I,,
第二代I,,
第三代I,,
第四代I,,
第五代I,,
第六代I,,
第七代I,,
第1代I,,
第2代I,,
第3代I,,
第4代I,,
第5代I,,
第6代I,,
第7代I,,
一位老同志的,,
kl,,
中kl,,
腐≈,,
三呆婊,,
你k事我放心,,
社主x缤,,
打倒中,,
缤鲋,,
亡h亡,,
粉碎四人,,
特,,
殃,,
污腐,,
制拆除,,
形式主x,,
噘F集F,,
河蟹社,,
喝血社,,
九L,,
9L,,
九W,,
9W,,
四L,,
4L,,
夫民\,,
城管暴力谭,,
制捐款,,
一h陶,,
Ｖ普,,
法法院,,
Rl方,,
T作人,,
焦,,
志新,,
高勤s,,
e舫苫,,
民\人士,,
⒚膳,,
x家主席,,
大赦H,,
H特赦,,
公^,,
政,,
h章,,
S,,
章,,
08,,
X醒的中公民日u清楚地JR到,,
中人,,
中的人,,
中新民h,,
群w性事件,,
f法,,
命,,
公_信,,
f人大名,,
f人},,
截L,,
信L,,
L民,,
集合,,
集,,
M集w,,
亢h,,
血,,
焚中旗,,
流血_突,,
出F暴,,
l生暴,,
引起暴,,
绻,,
,,
T考,,
T,,
霸n,,
T教,,
TW,,
T\,,
WuT,,
WjuT,,
五毛,,
戒,,
E拾年,,
20和C年,,
E拾周年,,
六和C四,,
W百度潮,,
T安天,,
天按T,,
坦克捍W生,,
v史的口,,
北高,,
S多利公@,,
榱送s的o念,,
Y捷B,,
中A局域W,,
h的喉舌,,
互W查,,
局烂芊怄i,,
封i消息,,
P]所有,,
Wj封i,,
o界Wj,,
何清i,,
中的陷阱,,
汪兆x,,
者o疆界,,
境外媒w,,
S基百科,,
~sr,,
A盛D],,
世界日,,
|森新W,,
|森,,
基督教科W箴言,,
星u日,,
洲周刊,,
泰晤士,,
美社,,
美V播公司,,
英金融r,,
中央日,,
自由r,,
中r,,
威{,,
左翼盟,,
保M,,
主,,
弓,,
木},,
六氟化,,
配方,,
炸配方,,
皮箱炸,,
火配方,,
人w炸,,
人肉炸,,
解放,,
D,,
事社,,
第21集F,,
七大^,,
7大^,,
北京^,,
沈^,,
南^,,
成都^,,
V州^,,
南京^,,
m州^,,
色革命,,
模_突,,
基地M,,
三股萘,,
印尼屠A,,
Y公o念歌,,
s扁,,
S便,,
告全同胞,,
_百度,,
_完,,
_,,
撑_,,
_彻埠,,
_,,
_毒,,
打_,,
砂,,
攻着_,,
M攻_,,
最I_,,
y一_,,
收团_,,
登_,,
解放_,,
解Q_,,
光兔,,
_},,
_海},,
_海危C,,
_海y一,,
_海大,,
_海,,
_海局,,
入,,
入耳P,,
中A邦,,
[立,,
日本fq,,
小梢焕,,
h人,,
hS,,
Sh,,
S吾,,
吾,,
|突厥斯坦解放M,,
|突解放M,,
列_,,
阿旺x美,,
_,,
},,
西,,
葬,,
臧,,
藏暴y,,
拉_,,
啦_,,
西v,,
}鸾M,,
n狗,,
M洲第三帝,,
M狗,,
^子,,
最低以下の下劣,,
下\野郎,,
放射性物,,
家庭住址,,
电话,,
电话号码,,
身份证号码,,
社保号码,,
驾驶证号,,
护照号码,,
a,,
身份Ca,,
社保a,,
{C,,
o照a,,
默默,,
陌陌,,
摸摸,,
陌陌杀人,,
默默杀人,,
摸摸杀人,,
男仆,,
女仆,,
仆装,,
还愿,,
绿教,,
嘛哩嘛哩哄,,
小乘佛教,,
大乘佛教,,
天师,,
释迦牟利,,
观音,,
菩萨,,
湿婆,,
婆罗,,
阿修罗,,
如来,,
赤烛,,
香港建国,,
香港建,,
pornhub,,
poorn,,
xvideos,,
xhamster,,
scvm,,
w一曼,,
彭德,,
⒉承,,
毅,,
s臻,,
_s桓,,
~τ,,
秀,,
O文,,
O逸仙,,
小平,,
,,
江擅,,
李i,,
朱g基,,
李瑞h,,
李骨,,
胡\,,
丶,,
前,,
曾ct,,
Zc林,,
枪僬,,
李L春,,
x,,
曹川,,
良宇,,
德江,,
立昌,,
俞正,,
⒃粕,,
王啡,,
王,,
王兆,,
淇,,
R,,
水扁,,
d慕明,,
Y,,
近平,,
,,
o邦,,
o瓦^,,
瘟家,,
假c林,,
甲c林,,
xL春,,
u近平,,
李磕,,
R^,,
和,,
S永康,,
李肇星,,
瘴T,,
赵,,
中央委T,,
l改委,,
家l展和改革委T,,
l展和改革委T,,
家l展c改革委T,,
l展c改革委T,,
丶绎,,
Ah,,
王立,,
一郎,,
_Rm奇,,
默克,,
克林D,,
e根,,
杜T,,
赫苑,,
列,,
撒切,,
阿_s,,
卡斯特_,,
富m克林,,
A盛D,,
艾森豪威,,
拿破,,
v山大,,
诶,,
U威,,
W巴R,,
WR,,
春,,
村秀,,
村次,,
高,,
w紫,,
沃_西,,
R加爵,,
~德尼,,
崮,,
尖w列u,,
安倍x三,,
恐怖M,,
I毒品,,
u毒品,,
~u不凫吨,,
新出版署,,
坐,,
猥,,
肉w,,
新疆,,
h中央,,
新管制,,
一一,,
,,
分裂中,,
B情,,
美之音,,
摩T教,,
南U,,
明慧W,,
起x,,
人民,,
法功,,
台fq,,
台,,
台分子,,
台,,
台趁,,
台u,,
台,,
台唱立,,
天安T事件,,
新疆立,,
疆,,
西藏立,,
藏,,
一道,,
[行,,
共ah,,
民主h,,
K家屯,,
|病夫,,
高治,,
世界S吾大,,
核工I基地,,
,,
,,
,,
核艇,,
大⒖,,
B清,,
台痴府,,
新疆萘,,
新疆恐怖萘,,
新疆fq,,
字,,
最I中h,,
迦牟尼,,
阿陀佛,,
耶和A,,
白教,,
|正教,,
走向AM,,
S大仙,,
神h,,
王,,
黑白o常,,
牛^R面,,
蒙古^子,,
回民吃i肉,,
回民都是i,,
古柯|,,
\,,
⑷,,
毒,,
博,,
拐u,,
,,
,,
劫,,
先後,,
抽^,,
坐f,,
R,,
Ia,,
老虎C,,
P,,
u^丸,,
f片,,
粟,,
迷幻,,
嗑,,
小姐兼,,
S片,,
R拉戈壁,,
垡,,
臭C八,,
臭u巴,,
催情,,
肛T,,
^,,
C八,,
C巴,,
u巴,,
C掰,,
u叭,,
uu,,
u掰,,
u,,
,,
o,,
y交,,
Ψ,,
乳^,,
威而,,
ジ,,
射,,
部,,
道,,
核,,
,,
o,,
淫x,,
淫y,,
做,,
暨z,,
早,,
操她,,
操,,
操你,,
操他,,
阅,,
饶,,
y拿,,
蠢i,,
D,,
炙,,
,,
娘,,
帜,,
帜B,,
炙,,
v,,
v人,,
人,,
R的,,
去她,,
去,,
去你,,
去他,,
她娘,,
娘,,
你娘,,
他娘,,
iM,,
窳,,
T他,,
T她,,
欠T,,
欠人T,,
硭我,,
聿逦,,
直,,
乾C,,
C叭,,
臭u,,
臭C,,
B,,
[叫,,
具,,
肉,,
蛛u,,
秩,,
,,
X,,
他,,
炙,,
,,
帜,,
秩,,
至,,
我咧,,
掷,,
值,,
掷,,
乾爽,,
欠,,
狗,,
我,,
,,
,,
流乾,,
乾一,,
Ρ,,
再,,
我,,
δ,,
λ,,
λ,,
σ,,
淫,,
u歪,,
狗操u逼,,
}B,,
,,
帝,,
蒂,,
系y消息,,
草泥R,,
法克,,
烈蟹,,
菊花Q,,
尾申L,,
吉跋,,
_菲u,,
R勒戈壁,,
pw,,
i毛,,
i毛1,,
理,,
,,
作,,
eL,,
阅悄镳I比,,
h,,
,,
江da,,
弥醒胝治局委T,,
X通道被z的骷t,,
曰本帝,,
曰本皇,,
曰本fq,,
曰,,
钸L,,
型叛,,
[的,,
[的士兵,,
[爪牙,,
[a坤,,
[蚬芾T,,
中i,,
Lhi,,
大o元,,
煞P,,
b逼,,
bB,,
日你,,
h,,
u,,
逼,,
出售~,,
出售此,,
澳洲光明W,,
八九L波,,
k理文{,,
k理C件,,
保O,,
d,,
U岳,,
肉,,
政部,,
⑹率,,
y,,
操你八祖宗,,
草的你,,
草,,
yL局,,
a嗑,,
臣,,
,,
功,,
希同,,
,,
成人影,,
t浩田,,
出售假,,
出售支,,
春,,
粗u岱,,
_,,
大麻渲,,
大,,
大W}y,,
戴海o,,
戴t,,
n案局,,
O,,
砒F,,
~台,,
丁P根,,
|N,,
|突暴雍酮立,,
|突M,,
董vA,,
懂文A,,
立,,
立台,,
二乙基酰胺l,,
法()功,,
法,,
法制k,,
反A,,
反恐委T,,
分裂祖,,
斧^刀,,
傅i,,
GM,,
老母,,
,,
制甙,,
港澳k,,
高校暴y,,
高校群w事件,,
高校}y,,
弓m女,,
^世音,,
官商勾Y,,
安局,,
防部,,
防科工委,,
管局,,
H法院,,
家民委,,
家主要部委,,
民h,,
民hfq,,
何候A,,
後庭,,
胡o,,
胡棠,,
Q妻,,
S色小影,,
回族人吃i肉,,
昏,,
u芭,,
激情影,,
激情小影,,
牌件,,
生委,,
Ψ蛞D,,
v,,
江裁,,
江蜃,,
江衩,,
江\民,,
叫u,,
她的金日成,,
禁,,
社理事,,
社理事,,
敬神社,,
m察T,,
F,,
F屎,,
Ll威,,
主x,,
可卡~,,
寇,,
,,
,,
+教+所,,
颖Ｕ喜,,
李F映,,
大,,
合,,
合大,,
易,,
易互,,
Z食局,,
赏戎g,,
④,,
旅[局,,
功,,
,,
u屁,,
祖,,
麻醉,,
麻醉,,
麻醉,,
RuR屁,,
岱,,
岱塞|,,
I富,,
Iu支,,
u.,,
u富,,
uh求s,,
u求s,,
u卡,,
u件,,
毛一r,,
梅花W,,
美利,,
蒙m,,
迷魂,,
迷λ,,
迷,,
的,,
R的,,
南盟,,
,,
你大,,
你二大,,
你的,,
你的,,
B你,,
rI部,,
拍肩神,,
皮l,,
O果日,,
庀缶,,
X其琛,,
Q女犯,,
QF,,
支,,
效失意,,
硬l言,,
淌,,
Sk,,
`器,,
人代,,
人,,
人民V,,
人民日,,
人民y行,,
日X,,
肉p,,
塞你老,,
三代婊,,
三片,,
三民主x,,
三去,,
三唑,,
},,
}逼,,
商詹,,
生f片,,
}女峰,,
十年y石M,,
你爸,,
你公,,
你老母,,
你老,,
你母,,
你娘,,
是u,,
售,,
售件,,
p峰微,,
水去,,
他R的,,
台k,,
台滁h,,
台车,,
台彻伯ah,,
台彻埠,,
台彻,,
田o云,,
投毒⑷,,
透件,,
外,,
外/,,
外_,,
外-,,
外―,,
外R局,,
外＞,,
f,,
W管,,
l生部,,
剀,,
倭,,
o界g[器,,
五星t旗,,
希望之,,
洗X班,,
系y息,,
小uu,,
小乳^,,
d^,,
性,,
血腥D片,,
草局,,
婪杰,,
精,,
耶K,,
一芍,,
以o至洞,,
抑u,,
毛,,
小撕大,,
淫,,
淫v,,
淫ZBB,,
英雄o念碑,,
]政局,,
[虬lT,,
[m理T,,
箝制,,
j火焚身,,
h程偷拍,,
月不{,,
扎卡S,,
朝,,
潮,,
磊,,
小平,,
商皆O,,
中恐怖M,,
L理,,
朱理,,
i容基,,
b,,
追查H,,
自⑹,,
自⒅改,,
自u手,,
局,,
坐的,,
垃圾[,,
[,,
淘,,
虎,,
虎T,,
虎T,,
鹋,,
街^抗,,
混沌Q,,
高清成人棒,,
uIC,,
美女裸wl聊天室,,
FFT,,
偷Ql,,
高仿真皮,,
|京,,
蜜桃成熟r,,
高清晰假n,,
快播A片W,,
s炮,,
]管子,,
暴幼女,,
天安T&\蛹o片,,
柳z建h,,
柳z真相,,
六4暴y,,
六4大屠,,
六4L波,,
六4W潮,,
六月四日W潮,,
民\Bh抄家,,
民主,,
民族英雄n俊波,,
日小平戒,,
援n俊波英雄,,
四2六社,,
q月n茫我c鹤油醯,,
坦克W生身w上哼^,,
天安TL波,,
天安T六四,,
天安T虐,,
天安T平反,,
天安T屠夫,,
天安TW潮,,
天安T一九八九,,
天安T,,
天安T自焚,,
_希,,
W潮像,,
血洗天安TV,,
血腥清饶,,
的最後思考,,
禁中的,,
一九八九暴,,
一九八九y,,
一九八九天安T,,
禾彀查T,,
D型中c紫,,
1九八9全,,
V錾系嵫l,,
V錾系嵫下d,,
八九暴y,,
八九大屠,,
八九年W潮,,
Ｗ邮&W生,,
捌玖&W生,,
方钪,,
中之春&散步,,
肆&&二十四周年,,
中A民&y一大,,
D肉&鞭,,
中A民&光痛箨,,
中A民&反攻大,,
中正府&o能,,
中央I&o能,,
六月四日&黑衣中,,
D肉&毛S,,
D肉&江青,,
八九&W生潮,,
天案T&世g,,
和第三天,,
柳四&o念,,
o念&八平方,,
那年夏天&血腥的V,,
S@&T光,,
壹玖捌玖年月肆日,,
反平肆,,
六四&o念,,
六四&v史,,
侏儒之歌&天安T,,
木子月月B,,
薛w&杜,,
⑥四\,,
平反&肆,,
平反&四,,
春夏之交&政治L波,,
春夏之交&W生&y,,
F&o念&六四,,
&屠W生,,
tam&W生事件,,
李i&希同&小平,,
各府衙探望&^戴白巾,,
&大W生,,
四君子&V&W生,,
李i&叛徒,,
viivo念日,,
八九&W潮,,
屠城D片&全[,,
t魔&器官移植&真相,,
U彤三c意,,
小平,,
二十四年前跆箍,,
逢九必y,,
o念w紫,,
Y┯,,
Y┰,,
李月月B日,,
圆ǐ@,,
柳z事件,,
六四暴y,,
六四L波,,
六四\,,
六四跆箍苏掌曝光vW,,
六四y,,
六四炔咳沼,,
六四饶,,
六四Hv,,
六四事件l,,
六四事件中的戒啦筷,,
六四l,,
六四天安T,,
六四屠,,
肆\,,
J立本,,
青年肉身跆箍,,
人民笫装l,,
人民笙息,,
⑺二十fQ矶十年的安定FY,,
q月n茫-我c鹤油醯,,
天安T通,,
天安T文件,,
天安T血腥清饶,,
_西,,
P西,,
W生跆箍,,
一九八九W潮,,
w紫的秘密,,
w紫禁中的,,
w紫三^Rr代,,
w紫研究文集,,
政治L波,,
坦克&W生,,
平反&W生,,
V&血案,,
李i&,,
天安T&l,,
旅日A人翰光&流亡,,
民主L~\,,
我的六四C~,,
六四暴徒L,,
於浩成&TV苏Z&民主中,,
1989年天安T&小平一令下&,,
最I天安T&钌欣サS&l生,,
а菔骁&]有太的日子&⑥④事件,,
а菔骁&]有太的日子&⑥四事件,,
王岐山&Y束後&f雀o&尿}味,,
政f是花瓶&中共&微信上被禁,,
w家狗&揭穿了近平&本|,,
之子&薄熙&太子h&DDM,,
中共&否J支持&共青F中央&被打,,
六四&L波&戒廊&亡,,
政治味道太&中共媒w&宣餮谏w事,,
近平&^架空&威{中共,,
小平&六四重&民意消沉,,
中o委W站&放&嗬和自由&W站被黑,,
六四o念研,,
徐明突然死&高缈&政商勾Y,,
小平之短&W生\&骋,,
六四&W潮必制止&不能_,,
胡耀邦的天真&六四&W潮,,
近平&此言差&置於擂尉车&疆,,
央&胡耀邦o&г獯&^像不,,
天安TV&事&1989年,,
t包&64&土共,,
89年天安T&W生\&,,
姜勇和王&出任新&近平掌控中共,,
曾ct的心腹&宋林&晌&合作PS,,
崎新&什麽拥男蜗&家的建B,,
崎新&什N拥男蜗&家的建B,,
六四&下令_&钌欣,,
掌大&逼退小平&解QW潮,,
匀W潮&不肯退休&小平的,,
一九八九年&天安T&W生[行,,
六四&二十六L年&o念,,
硬反&央企高&中南海面交h,,
周永康&裾f胡\&大事化小,,
w紫&最後一次&亮相&停止^食,,
64事件&&乐,,
周永康&同盟fh&派系,,
圆&天安TV&拒^撤x,,
八九六四&t皮&屠,,
坦克_往t&戒赖氖勘&回家吧,,
w紫倒台&六四&李i,,
周恩硭缴女&艾蓓&OS世,,
江擅裼rr&H信Zc林,,
政策用&高禾痈&89那年,,
六四&坦克&碾&天安TV,,
o念四&^食&x民,,
中共高&六四&O不こ,,
孔c|&我I&六四,,
六月四日&&政治L波,,
六四前&底片&天安TV,,
杜&同情&W生&黑衣出R,,
六四晚&焚基本法&S之h,,
{t六四&亡`&昭雪六四冤案,,
26年前&真的W生&叛&罪名打,,
h人士&祭奠26年前&六四亡`,,
打酎h日&福建待了15年&慎^^,,
孔元之子&王震之O&|f富豪&2f多|,,
大公子惴&U人&大公子,,
六四&u造者&小平之^,,
中共方若Y&江家&R首是瞻,,
[形大股|&峰&戴相的女婿,,
最後一&我的胸膛&特殊的日子&必o念,,
天Wx工&奢v警&被抓捕,,
前往中k&[伍目&超^200米,,
六核&L耗,,
o念@一天&血I事件&民主政治,,
做空股票&530K案&XXK案,,
二十六年前&坦克走在地上&永h定格,,
戒啦筷&庚&1989屠⒂泄,,
政D\&令名&四大金,,
退休高官&675|元&江擅裢诵&享用C,,
六四&饶&中央不表B&街[行,,
M中&智囊&岳父姚依林的光,,
外W潮&软嫡&合\屠,,
徐才厚&和P托出郭伯雄&致命一,,
江擅h奸身世,,
六四&]有昭雪&n天流I,,
之&六月四&河,,
q月的嫔&只要他好好的&黑暗&o眠,,
特殊的日子&26年了&^食,,
履碾^&百年沈睡&久跪的p膝,,
沉船事件&饶&李i之女,,
26年&群w政治&o法团d,,
二十六年&碾碎自由&ou[m,,
公平正x&26年的今天&常悲,,
年年@一天&都穿黑衣&t色的雨滴,,
扯淡&政府不M&x票Q掉,,
春夏之交&s是屠刀&柳z舞蹈,,
六四&^食&,,
期盼正x&摧魔m&蕉雨亭主,,
26年前&帝都的天空&c燃T,,
某年初夏&_赴西京&坦克,,
春夏之交&屠刀&柳z舞蹈,,
26年前&徐勤先&良知④,,
今夕何夕&之&六月四,,
酷狗音&六月四日&童安格,,
微信t包&禁止六K四&六十四,,
64o念&追求自由&紫,,
痛在胸口&要沉默多久&v史的口,,
二十六年&屠⒓o念&民主,,
A夏成悲&89的L&64的雨,,
嗍&6月5日,,
必揭_&想要污`&o眠,,
名嘴袁木&八八之後&C,,
肆&I人去世&李i,,
邪航M&坦克碾死&晚8c&悼念,,
六四&二十五L年&o念,,
二十六年&nn芳草心&袁立,,
六月的第一天&上D&慎提那年那月,,
六月&恐怖的血腥&碾^|w,,
等待自由&二十六d&六月,,
八九政治L波&民\味,,
六月oo&D忍&掩w的真相,,
六四天W&S琦&f人[行,,
李i⑺&六四敏感,,
钚阒&攀上&腐剽悍,,
六四&死y者&守`,,
君&大同胞&暴政屈服,,
六四&民主w制&平反,,
六四&黑色上衣&反Ρ┱,,
六四被&天安TV&8726人,,
6月4&S多利&六四追思,,
天安T&V錾系W生&89年,,
支&六四&o念活,,
你不敢f&怕坦克碾&任人屠宰,,
柳z祭奠&土旦克&r血染遍,,
六毛四&六K四&八十九K六毛四,,
1989年6月4日&W生⒙&V隹贡,,
郭春平&制&六四R聚,,
V錾详亡&二十六年前&春夏之交,,
89年&W生倮&W美式民主,,
走在V&罪旱V&那罪,,
六月四&天暗T&W生\,,
紫去世&八九之&受迫害者,,
小平&六四清,,
六四&w紫&禁,,
89年&W生\&言自由,,
Dui的Ya&沸v的V&黎明引入,,
1989年&六四&LO女&w可可,,
1989年&坦克&血液在V,,
四二六社&w紫&肯定W生,,
拘查&中共高&圄Y,,
王c&O&中共常委行踪,,
共ah&到^了&裁,,
六四後&家&地P,,
小平统&垂政&踹下胡耀邦,,
f南&1989年&海外民\&幕後黑手,,
六四&二十六L年&T光悼念集,,
李i回&64&事政,,
六四&二十六L年&王丹,,
1989&春夏之交&w紫,,
共ah&自由民主&支支吾吾,,
你年p&停止^食&生命奚&1989年,,
w紫&天安TV&,,
制定&纱接班人&N下了根,,
共ah&禾彀查T&I死浊f人,,
_&小平,,
_&李i,,
6月4日&W生抗h&天安TV,,
小平&坦克碾&大W生,,
天安T&血腥,,
1989&民主\,,
八九六四&t皮,,
薛wc杜&有多少人得,,
扎事件,,
邪旱狞h,,
退h,,
突破中共Wj,,
u中共ah,,
毛|荒淫糜,,
告全W民,,
告全W友,,
剖腹一刀五千,,
退伍DI人M京S嗌显L,,
西藏毫有,,
西藏混y,,
再D,,
政府o能,,
中共政治n,,
我的家lc和平解放,,
解c建O中民主D型vM,,
豸木R毒,,
代理_l票,,
S族扎,,
女性zmW,,
忘恩x成年,,
CN售,,
肉,,
幼W,,
Tw,,
T幼,,
中高宇IУ淖优F,,
家I人PSW,,
揭密家I人的子女,,
七五暴行D片,,
_喇嘛的}d之路,,
\c虔\西藏}y的睚去},,
伊古R提感想,,
共用的墓碑一中人的家庭o事,,
往事微痕五七之~＜,,
往事微痕北大］,,
在如矸鹫浦Kp和他的r代,,
大沉So中的渫,,
陌亓到天安T,,
中南海厚黑W,,
大兵背後的政治玄C,,
胡\走向人崇拜,,
性_放俱凡,,
台,,
胡\c圆ǖχ,,
伊吉R提感想,,
法一一功,,
20年前跆箍,,
新疆人必D,,
董存瑞是我和毛主席的鹤,,
出售雷管炸自u炸,,
出售,,
易原子u作,,
易炸u作,,
易u作C4炸教程,,
汽解a器,,
土uC4^程,,
一般炸u作,,
炸u作方法,,
u作原子,,
自u原子,,
a,,
a中特,,
六合彩美女D,,
香港R,,
八零二三部,,
的一封信,,
暴l,,
爆,,
爆l,,
⒅\本部,,
藏族同胞FY,,
_集F,,
大藏^,,
大高乾子弟名,,
大起x,,
今八大e言,,
h禁,,
|土耳其斯坦信息中心,,
y,,
派,,
υ阶孕l,,
反右\,,
泛{,,
泛G,,
焚,,
青,,
L山官W校,,
T\A,,
团dh,,
T官,,
T人,,
山空官W校,,
功法,,
豸木R扎,,
V|工人合,,
u,,
家安全局,,
家I人最M合,,
民大,,
企改革,,
y,,
Z\,,
^渡政府,,
黑萘ΡＷo,,
胡Ｊ,,
新疆扎,,
世`文,,
O察院,,
僵擅,,
M京,,
塔,,
警民n突,,
就I歧,,
D乾,,
抗暴B,,
抗鸺o念,,
{I,,
立法委T,,
盟,,
席h,,
流I的c,,
.肆,,
GI,,
民,,
[新疆,,
若Y,,
,,
圄Y,,
嗔Ψ峙,,
僧H,,
十字,,
台海危C,,
台抽g,,
T力情D,,
T笑笑,,
唐山大地震老兵,,
w制改革,,
y光V,,
y鸩,,
王\思,,
S吾立,,
氐囊环庑,,
毓子,,
仉松,,
西艾力,,
二十年前跆箍,,
印度佛W院,,
原教旨主x,,
真主h,,
中高乾子女名,,
中I人最容,,
中是全球唯一^Σ荒苋,,
中山IЯ骼h,,
中央高乾子弟名,,
中央警l局大Q血,,
中越自l反,,
竹,,
DI植,,
DI官,,
DI人,,
自治^h委,,
宗教O端主x,,
y府,,
政治部,,
v火,,
左I海官W校,,
20L年Wj大,,
暴力拆w,,
吃女,,
售仿真,,
操,,
P於诮陶全人大之公民要求,,
成人小f,,
春m,,
滴,,
{教,,
u吧,,
_苞,,
暴,,
I春,,
壬,,
陪睡X,,
精,,
暴,,
肉,,
乳,,
}女,,
}水,,
}穴,,
色,,
少D白,,
少年阿e,,
射,,
裱,,
F交,,
舔,,
臀,,
Wjl妹,,
oa,,
性服,,
旋D地球,,
W生妹,,
情,,
G照,,
,,
阜,,
淫x,,
淫D,,
召,,
c我l,,
c我爽,,
x浴,,
胴w,,
苯h已哌啶,,
,,
波,,
鞑I_i技巧,,
仿u,,
麻S素,,
角酸二乙基酰胺,,
司卡林,,
古,,
,,
饬蛩,,
}酸二浒Ｍ蟹,,
子制,,
白B智香子,,
三挫,,
嗨,,
a指,,
公T考前答案,,
扎h,,
王啡下台,,
去工力,,
台辰\咏M,,
台城嗄戟立盟,,
台匙杂陕盟,,
中共喊,,
共ao,,
共aＶ,,
共aO,,
共a王朝,,
中共Oz,,
中共n,,
中共Ｖ,,
胡卣府,,
江_集F,,
中A邦政府,,
H共行,,
代_普通l票,,
代_商品l票,,
代_l票,,
代_地l票,,
代_V告l票,,
代_\l票,,
代_租Ul票,,
代_S修l票,,
代_建Bl票,,
代_安bl票,,
代_餐l票,,
代_服瞻l票,,
代_l票,,
江苫,,
台唱,,
派,,
海外o法,,
洪l交流,,
^食抗暴,,
售,,
售u武器,,
O器,,
孔z像,,
O,,
幼度,,
洲幼D,,
塾组w,,
美女D片,,
U香w,,
寂寞少D,,
幼文共p,,
性感少D,,
Wj人嘈言,,
1&高1傅,,
代_&l票,,
偷情俏寡D,,
吹美女,,
素|女,,
管秀,,
毒,,
神gF,,
塾兹耸,,
中のチベット自治^,,
美女D片W,,
_波,,
D,,
金[M是池中物,,
淫鹑P,,
白虎少D,,
白虎穴,,
逼W,,
盅,,
LGw,,
激情小f,,
Fj,,
值乃,,
肉蒲F,,
男女交g,,
白B,,
F,,
厶镉,,
一夜g,,
o你爽,,
淫F感染,,
τ,,
中年美D,,
妊,,
l浪,,
肉o,,
秆,,
田梨,,
丁香社^,,
久久-清美女D片站,,
鹿城,,
[CC,,
插,,
露照,,
激情ND,,
成人,,
就去T惑,,
激情裸w,,
春苑,,
CC客,,
y民吧,,
洲色,,
妹妹}D,,
e^女郎,,
搞笑D片W,,
放少D,,
S金}水,,
_交,,
勾魂少D,,
乳此zm,,
日本灌c,,
八道肪W,,
大少女,,
乳此SM,,
趁奶舳,,
}姨,,
裸w少D,,
美少D,,
钏济,,
淫FW@,,
俏臀z魄,,
毛U,,
v情兵F,,
性感妖,,
哥初次,,
操[,,
O禁陵辱,,
生徒胸|,,
T色W,,
春光外a,,
G乳,,
白液四R,,
群,,
O品波神,,
哥激情,,
街^扒衣,,
口缺射,,
花逼,,
洗c射尿,,
}泉W淫,,
淫{,,
}浪美女,,
舌^穴,,
}乳,,
妹妹兼,,
超毛大U,,
性,,
嫩U,,
}母,,
w,,
所Iz,,
曲消魂,,
I撮,,
薄a,,
巧淫,,
O品白虎,,
ggr空,,
窕ǚ,,
女,,
}姐姐,,
色^,,
色,,
o士T惑,,
下流地,,
性|渴,,
色狐狸W址,,
色T,,
洲性虐,,
g沸越裣,,
少D偷情,,
淫H屯,,
小姐打wC,,
SM美D,,
成人社^,,
夫妻俱凡,,
熟D,,
虎T,,
咪咪D片,,
欲,,
你色,,
zT,,
美wG姿,,
肉zm,,
前凸後N,,
大出位,,
旅^自拍,,
o套自拍,,
制浣c,,
凸肉,,
p入洞,,
女_包,,
操,,
O品奶妹,,
扉之,,
丁字N臀,,
9郯,,
媚少年,,
o修正,,
|峥战,,
乳此尤,,
巨h兵F,,
巨},,
}妻,,
深凵,,
性鹄尢,,
公媳y,,
集w淫,,
狼色,,
A聊影,,
小嫩u,,
羞u母,,
女,,
G情小f,,
淫,,
玉蒲F,,
玉女心,,
f淫堂,,
穴D,,
HyF,,
插,,
H勇,,
舔_,,
火辣D片,,
淫浪Z,,
狂抽送,,
成人百,,
天天干ND,,
偷g,,
酥W,,
浪D,,
色CC,,
}洞,,
精,,
O品黑z,,
成人文W,,
奴,,
酥胸T惑,,
死狼W,,
肉w招生,,
T惑l,,
裙下L光,,
嘻[中,,
Rの二代目,,
av美W,,
洲有a,,
zm高跟,,
原味zm,,
性感肉z,,
迫,,
W美o套,,
裆碚T惑,,
美女比拼W,,
粉t穴,,
性感T惑,,
奇淫a,,
美}D,,
o毛美少女,,
日本有a,,
制服美D,,
入穴一[,,
S唇G姬,,
}莉girl,,
高逼,,
淫|方,,
D公@,,
zUm,,
我凵,,
裸w美女,,
潮,,
鹫T惑,,
淫,,
T,,
夫妻y交,,
97,,
奶挺臀N,,
色D,,
淫,,
嫩p,,
},,
暴,,
母子交g,,
p穴,,
乳林大,,
柔g,,
淫U母,,
BA失禁,,
兼女,,
套,,
服枕目介B,,
妹妹的服,,
激情服,,
要爽就],,
w射,,
正式做（o套）,,
兼妹妹,,
兼MM,,
兼女,,
手洗T,,
D,,
金城池,,
金玉G,,
金P玉露,,
|海拔棒,,
金洞よ,,
金醉迷,,
金探U,,
金消魂,,
[金P,,
女P舞,,
小妹扛,,
P翔合碧,,
淫少D,,
v比,,
L},,
N魂,,
{情,,
S色小f,,
性免M影,,
男女公P,,
[私D片,,
超性虐,,
成人D,,
成人W,,
炮D,,
成人影,,
吸B,,
性派,,
T,,
吹馔尥,,
d,,
狼群l布,,
玉女G姿,,
|北成人,,
n穴,,
性}_,,
自拍T惑,,
o套中出,,
嫩},,
W美人w,,
俄_斯人w,,
洲成人密a,,
o穴,,
中〗,,
少D自拍,,
永久W址,,
|北XX,,
就去,,
兼漂亮妹妹,,
嫩乳rU,,
熟}D,,
私走光,,
工S,,
淫z,,
北u,,
n井空,,
常P炎,,
L谷香子,,
朝X,,
高洮莉,,
高洮,,
吉擅鞑,,
瞿咎蚁,,
木麻奈美,,
美里真e,,
美穗由o,,
美竹鲎,,
平井莉,,
\}舞,,
市川香,,
渎槔镒,,
松u,,
松阪季子,,
天海,,
y舞m,,
川百合子,,
小室友e,,
小刹怂,,
小赡蚊,,
~山子,,
伊|z,,
渎兑,,
阎煲,,
n木瞳,,
[佐七海,,
删芽衣,,
煽诿魅障,,
菅野梨沙,,
薰炎,,
|粲梢,,
露自拍,,
女肉^,,
淫},,
肉,,
O品素人,,
女,,
小}},,
咪咪,,
值缴,,
生,,
人g便器,,
夜勤雀,,
z畜,,
}老婆,,
p穴R插,,
召,,
O品T惑,,
多Ps交,,
肥U,,
一B,,
插BD,,
W美巨h,,
u肛,,
鄄,,
,,
肉牝奴`,,
大y性,,
p插多P,,
aIz,,
晾},,
淫欲肉w,,
黑z}D,,
竹S乳,,
外闰},,
裙底Iz,,
妖G少D,,
乳此多,,
B,,
H,,
淫B,,
舔,,
淫a,,
}比,,
z^穴,,
O品}D,,
嫩乳美U,,
o毛逼,,
爆p穴,,
淫,,
大奶u,,
O上素人,,
美z美臀,,
冒白{,,
o毛少女,,
o限充血,,
区P,,
^交片,,
娘Π,,
p洞R插,,
成食扇,,
千,,
虐,,
v奴,,
饩,,
溜光巨h,,
吹自拍,,
柳~逼,,
凵吧,,
打利器,,
酒瓶U肛,,
|瀛K,,
一王膳,,
穿乳A,,
p掌M洞,,
n乳,,
女w拷,,
n逼,,
值剿,,
b爽,,
QG迷辱,,
豕,,
少女吞,,
美U少女,,
美女CC,,
美臀D片W,,
雪好琅l聊天室,,
超分行,,
夜色俱凡,,
艾呢美女D片,,
成人l,,
真人C,,
l,,
激情一σ,,
秀群,,
模FF自拍l,,
抗h中共,,
中y以避免陷入y,,
西藏如何走向立,,
H支持西藏Wj,,
援西藏,,
支持_,,
屠⒉厝,,
屠⑽鞑厝,,
屠⒕S吾人,,
蒙藏委T,,
藏人大,,
藏人o自治,,
台D博之友,,
桑|・j桑丹增,,
和C社花似\&科Wl展萑&一派胡言,,
出售健l小口讲,,
天地行技g,,
天梯店,,
真相{查F,,
光明W,,
神洲影u片S,,
清心,,
花清@,,
放光明,,
新生W,,
A明W,,
希望之V播台,,
褪h,,
天珑铧h,,
正W,,
出售狗,,
出售用手狗,,
出售F用麻醉,,
UN售,,
出售自u手,,
Iu珠,,
麻醉到付款,,
出售用五Bl手,,
出售火恿珠,,
CFXN售,,
出售U,,
出售左手,,
N售54式64式,,
高Ｙu,,
出售虎^p管,,
出售V州三箭,,
N售工字牌汽,,
M口汽狗N售,,
d汽到付款,,
售支,,
N售,,
用手出售,,
N售虎^C,,
出售,,
售高,,
售工字,,
售用手,,
售械,,
h人o自由&藏人o自治,,
藏人&抗h升,,
西藏流亡政府&精神I袖&_喇嘛,,
暴力&&唯色&藏人,,
班U九世的A寂之地,,
曲吉尼的A寂之地,,
西藏青年\,,
西藏人嗪兔裰髦行,,
西藏同胞,,
挪威西藏之,,
_返藏,,
_喇嘛即⒎挡,,
西藏康^&示威&抗h,,
西藏康^&中共&,,
文S樗狼翎&感言,,
出售手拉u,,
出售}甲x跳刀,,
出售56刺,,
雷管u作,,
硝化甘油u作,,
做液w炸,,
u作炸,,
手的u造方法,,
械u造D,,
械u造方法,,
C的u造YD,,
的u造YD,,
手把手教做原子,,
硝@炸的u作方法,,
如何u作硝化甘油,,
黑火的u作方法,,
教你在家做原子,,
抗曰[型,,
陶h的罪e&取消限制媒w跨省&取消批制,,
促成政治改革&家的前途和v史&U除诮讨贫,,
出售金,,
零捌政,,
零八政,,
零8,,
I救圆,,
援圆,,
章零八,,
零捌章,,
零八z,,
0捌政,,
0捌章,,
0八政,,
天朝六十年年,,
天朝60年年史,,
近平&假博士,,
新唐人台,,
明慧Y料^,,
明慧D片W,,
慧@拾真,,
明慧L末,,
明慧L,,
明慧V播台,,
明慧W校,,
正悟W,,
江大盟,,
共ah受y者援助,,
砸你碗是城管&官商勾Y我o罪,,
阿波_新W,,
七丶,,
政府h&W12披露,,
08hL,,
格色拉的祈\,,
W生I袖,,
v史不忘,,
港支,,
支,,
新疆&立,,
坦克&M城,,
U,,
赜暗,,
近平&假Wv,,
近平&假文{,,
胡\秘密淼角u,,
可z的S吾人,,
一解放的1989戒啦筷怎Υ中反叛者,,
毛|陶春秋1949至1976,,
中最具h的人丶全,,
中影帝丶,,
失踪者的足E文化大革命期g的青年思潮,,
七f言,,
u胺u作手,,
u胺u作教程,,
u胺出售,,
u胺N售,,
Du胺配方,,
求u胺,,
Iuu胺,,
u胺u作配方,,
出售u胺,,
N售}酸u胺,,
N售u胺,,
u胺技gD,,
u作u胺,,
供u胺,,
出售}酸u胺,,
供}酸u胺,,
D}酸u胺配方,,
u作}酸u胺,,
求}酸u胺,,
Iu}酸u胺,,
高的`魂高耀Y回,,
光h背後的周恩,,
天上人g公安不敢查的秘密,,
十八大c近平r代,,
江擅袷攀,,
江擅袢ナ,,
江擅袼懒,,
A,,
丶冶,,
蚊假,,
蚊加,,
胡\掏,,
丶&影帝,,
中央&君主Ｖ&民主政治w制,,
中就o法[黑暗&革命恐怖,,
薄熙&皮w癌,,
D刭\&挺熙,,
挺薄&重c人民V,,
重c市&援&薄熙,,
我薄&我共同富路,,
沁@春&&欲c胡逞英豪,,
重c百f人大散步,,
百f群挺薄,,
金瓶,,
`,,
`邦,,
吾o套,,
瘟理,,
瘟嫁d,,
瘟假,,
匦阈,,
丶冶,,
假c淋,,
,,
oo套,,
oo套,,
湖\滔,,
湖o套,,
胡M掏,,
胡\逃,,
胡和C,,
Pd,,
共h,,
共Pd,,
共K,,
劾瘟疫大行,,
除\共,,
P裁,,
政治局委T秘透露o美~sr笥者,,
Q鹁懦Ｎ,,
十八大理Z,,
S基解密之中共C密,,
薄熙pk汪洋,,
十八大前的水,,
李十八大攻略,,
丶乳w到李克乳w,,
耐趿④的24小r看中,,
薄王【峙c十八大,,
胡\的五朵金花,,
中共治下情色y象,,
新公共情DN,,
中{粹胡\,,
十八大委席位Z,,
日本S吾f&[行,,
法S吾人合&[行,,
荷mS吾人y一M&[行,,
家政啾D表,,
最高宇I人PSW,,
家家人[秘的富,,
家家族腐,,
丶家a情r,,
丶业暮诮鸬,,
告全公民&支持政改,,
|突&,,
共ahπ陆&大屠,,
黑大&教徒,,
你的西域&我的|突,,
新疆&N族缃^,,
新疆&宗教浩,,
新疆人民&l起},,
新疆人FY起&弄绫本,,
教徒&h族人,,
支持S吾人&抗h,,
中酷刑&新疆,,
自由洲台&肖合硖,,
自由洲台&SZ部,,
S族小偷&畜生,,
新疆S族人&畜生,,
S族人&⑷瞬徽Ｑ,,
S族小偷&撒野,,
S族人&洗X教育,,
洗X&S吾人,,
新疆&低劣N族,,
新疆人&yy⒐,,
清退&逐&S吾族W生,,
抗h&hx宗教&健康成L,,
七五期g&虐,,
U除&pZ教育,,
歧&pZ教育,,
}&安拉,,
安拉&劫持&wC,,
江da&中第一&周永康,,
江da&中第一&江擅,,
江da&官商一w&中共江氏,,
江da&江擅窦易&VT,,
|伊\,,
Zcl,,
Zc林&hA&孔丹,,
Z&38&500多人&b押让杀Oz,,
Zc林&近平&大忌&茅台,,
Zc林&昌星&交情深厚&朱g基&走私嫌疑,,
Zc林&38派兵抓捕&押往让晒疟Oz,,
Zc林&P押&38,,
Zc林&昌星&福建官&北京做官,,
中共高&Z氏家族&f_&股|,,
Zc林&噱X交易&王健林,,
y色情人,,
理性,,
旅[行I,,
旅[行程,,
博,,
人大法W院,,
性福利,,
“物”,,
“六四”事件民g白皮,,
「活油ㄖ」,,
『系y通知,,
【物】,,
【Y品宣鳌,,
【幸\提示】,,
淫\,,
,,
H你,,
男,,
徒弟,,
全教,,
``教,,
^音法T,,
`仙真佛宗,,
暴,,
r坦克,,
六四暴,,
六四被,,
六四⑴c者,,
六四K案,,
六四n案,,
六四的y,,
六四L,,
六四戒,,
六四_令,,
六四流亡美,,
六四民\,,
六四ur,,
六四清,,
六四天安T事件,,
六四天W,,
六四Fh,,
控制天安T,,
六四W\,,
六四遇y者,,
六四,,
六四褐鞣,,
六四咽,,
六肆W子,,
六月四日的屠,,
怕坦克碾,,
清洗坦克履,,
六四W生\,,
天安T暴,,
天安T暴y,,
天安Ty,,
天安T流亡,,
天安T事件是中共的\,,
天安T血腥屠,,
挑六四},,
天AnT事件,,
浣,,
引l六四事件,,
李i回,,
李i六四日,,
圆ū蛔,,
民\人士王丹,,
W生I袖王丹,,
w血六月,,
o念六四事件,,
o念四,,
柳z祭奠,,
六四27L年,,
六四o念日,,
六四T光晚,,
六四追思,,
援八九W潮,,
S@六四集,,
o能平六四,,
I救89民\,,
天安T呱,,
天安T示威,,
天安T示威[行,,
天安TpH,,
天安T抗h,,
中共_,,
W\,,
W生,,
w支持W潮,,
葬身坦克履,,
[行在天安T,,
[行示威,,
[行y政治,,
I救w紫,,
S@⒓油,,
S@晚,,
S@[行,,
S@T光,,
S@T光晚,,
Dui的Ya,,
_,,
射,,
以坦克,,
六四期g,,
六四x,,
六四答,,
六四W生,,
六四以,,
六四之後,,
六四之e,,
六月oo,,
六月四,,
履碾^的身|,,
民主大[行,,
民主示威\,,
那次,,
碾^|w,,
碾W生,,
平定暴y,,
射W生,,
受y的W生,,
死亡的大W生,,
坦克戒梨,,
坦克M城,,
坦克_往t,,
坦克履,,
坦克碾,,
坦克去屠,,
坦克o情地,,
坦克喝,,
坦克要喝,,
坦克,,
坦克直接_M,,
螳臂踯,,
天安W生,,
天Wx工,,
{榆,,
停止^食,,
通W生I袖,,
屠城⑷,,
屠夫o念堂,,
屠⒓o念,,
屠W生,,
屠⒄掌,,
武力戒,,
武力,,
武bW生,,
下令_,,
W潮L波,,
W潮行,,
W潮\,,
W潮策,,
罪旱V,,
阻跆箍,,
b甲部,,
直接核,,
直接碾^去,,
喝嗣,,
毫W生,,
盒,,
捍W生,,
捍筌,,
依稀的,,
血液在V,,
血腥大屠,,
血腥K案,,
血t的一天,,
W\I袖,,
W生身上碾,,
W生和市民,,
W生的,,
W生的迫害,,
_`,,
犯人苗德,,
x民,,
S琦,,
良知④,,
庚,,
薛w,,
薛wc杜,,
於世文,,
方钪,,
27L年,,
27L年o念,,
27L年o念日,,
27L年祭,,
八十九K六毛四,,
c燃T,,
27L年[行,,
二十有七d,,
日^食,,
公祭入z,,
公祭w紫,,
Q^像三天,,
S雀行,,
o念日,,
^m^食,,
接力^食,,
禁止六K四,,
久跪的p膝,,
^食o坐,,
^食F,,
^食\,,
柳z日,,
六K四,,
命\,,
上街[行抗h,,
屠城o念日,,
I花o念活,,
L耗,,
T光悼念,,
T光晚,,
最淫官T,,
自由T,,
重建帝,,
中特工,,
中公民,,
支持台,,
最I台,,
明,,
西K,,
西藏人,,
S嗦盟,,
程,,
土匪政,,
y一台,,
台,,
台,,
台海,,
台海},,
台海y一,,
台海局,,
台海大,,
台百度,,
l是新中,,
收吞,,
c^,,
⑷它h,,
民\I袖,,
⑸倨０饶,,
林昭的`魂,,
空y黑匣子,,
九u共ah,,
M攻台,,
解Q台,,
解放台,,
姜春,,
混ふ府,,
回民是i,,
模n突,,
~u,,
攻占台,,
港,,
腐≈⒏,,
反A暴,,
E拾L年,,
小平L美,,
登台,,
打台,,
北京L波,,
⒅\部,,
朱,,
L生t,,
少|,,
伊莎白,,
x,,
jb,,
汪|d,,
台h,,
O永波,,
让晒5.11,,
毛i席,,
毛晚年周恩,,
⒀|,,
⑵孑,,
李小i,,
江d康,,
S海刺胡,,
,,
反共,,
惴,,
戴秉,,
暴力,,
法功,,
D法,,
T世o,,
朱瑟里Z,,
中教徒,,
伊斯mF,,
位,,
推背D,,
推beiD,,
y一教,,
世S,,
十二煞星,,
}母峰,,
氵去,,
人缤鲞M程表,,
清海o上,,
P古,,
Z查丹斯,,
毛瘸腿,,
子功,,
法功,,
九u,,
金,,
集w自,,
活w,,
S教,,
根_文明,,
福音,,
逢八必,,
逢9必y,,
逢8必,,
法尊},,
法}王,,
l工,,
工力,,
超越t,,
藏,,
按照R雅逊,,
L六性吧,,
孔偷拍,,
招u,,
援助交H,,
召女郎,,
招妓女,,
淫C,,
淫水垡,,
淫g金士,,
淫教,,
淫影,,
淫迷情,,
夜勤病,,
G照T,,
割,,
性交n,,
真,,
校u,,
夏川,,
下w,,
oaL片,,
王子淫,,
童巨乳,,
w位,,
加,,
速效迷λ,,
zm,,
p臀,,
F性,,
少D,,
色情W站,,
日,,
人F,,
群交y舞,,
τ着,,
μ女,,
F蒙汗,,
W美大乳,,
妊,,
免M偷QW,,
蒙汗,,
冰淫,,
木麻,,
m女,,
m,,
菊T,,
金麟M是池中物,,
兼上T,,
装,,
A,,
Q妻俱凡,,
花有越,,
後穴,,
肛T拳交,,
父女y,,
L月大,,
L}侍女,,
l生PS,,
l情,,
多人,,
成人[,,
成人W站,,
插M,,
}井空,,
本土oa,,
被,,
拔出,,
叟人,,
h赢,,
色狼小f,,
走私支,,
D膛,,
致幻,,
炸u作,,
[形,,
手榴,,
ν,,
Ψ,,
,,
迷Ψ,,
迷昏,,
咳水,,
P他敏,,
精神品,,
火箭系y,,
仿真,,
u毒品,,
吃,,
爆Z,,
鬯死,,
f家,,
震@全球,,
商焦司,,
炸W校,,
u,,
f警,,
o息J款,,
透a,,
淘出售,,
探y狗,,
售[,,
手C卡}u器,,
手C定位,,
社黑暗,,
`神器,,
Z荒,,
看牌件,,
O王,,
假票,,
假n,,
假,,
活w器官,,
之母,,
姆,,
高利息J款,,
放~,,
放J款,,
ly,,
地下洗X,,
倒u火,,
h鞭,,
J款理,,
暴力u,,
真他,,
L舌象,,
下v,,
ou,,
P艹,,
P槽,,
台池i,,
他的靠,,
}母白花,,
日你啦逼,,
全家死^,,
你他,,
你麻w,,
麻w的,,
了逼,,
I植客醢,,
兼,,
狗sN,,
狗娘B,,
公z法流氓,,
公安秩序搞y,,
工商l狼,,
xP,,
草你,,
操你大,,
擦你,,
e他,,
香港,,
澳T,,
支持港,,
港分子,,
盟鹉忝,,
香港立,,
古m,,
男Z大雕,,
南海是菲律e的,,
同城s炮,,
尼逼,,
``派,,
人民}殿教,,
阿{恰邦,,
南海不凫吨,,
⑷朔呕,,
侵A,,
m共和,,
包B,,
臭\尼,,
蒙古狗\,,
少林dH,,
中共ah,,
天Z之旅,,
任弼r,,
让晒佩a林郭勒盟,,
S吾大,,
六0五Qh,,
s碎,,
蠢,,
G畜,,
核心,,
包子,,
彭教??授,,
明晒主,,
cS公主,,
R,,
臭d尼,,
u合成毒,,
立香港,,
立台,,
立澳T,,
洗Q瓶,,
志|,,
W\t恤衫,,
胡哥看W\,,
木u工品,,
},,
《O果》,,
阿姨T,,
北美巡v法,,
冰毒u作配方,,
超淫??s交女,,
h化,,
代八yk公室手官鋈照I,,
代八yk公室守t官鋈照I,,
抵u家犯,,
短信],,
法[,,
反08W\,,
放光明u作中心,,
粉碎林反h集F反革命政的Y,,
L雷[虻顷,,
服掌饔管,,
乾你,,
P於臭Y中有P政政策界限R,,
官鋈照I,,
矽谷民主促M,,
和Τ砂a,,
Sq素,,
u}穴}水,,
基督`恩训F,,
δБ,,
Oze的Y,,
江S人R,,
v事要f法,,
京郊旅[,,
警花肉搏h,,
事u定,,
卡辛??{大道和三福大道交界,,
恐怖分子第一步炸,,
拉瓦[f,,
老婊子,,
雷管u造技g,,
李洪志,,
膳Y,,
IО嘧用瓮,,
ε,,
猛男,,
迷Ρ砻玫男∠阊,,
母之j火,,
母子情j小f,,
派系Y,,
h兵⒅\手,,
泺Q呼,,
到付款,,
II-制服T惑,,
ιD,,
H鄣陌职σ我,,
p松u作原子,,
情j小f,,
如何u作原子,,
神州影u片S,,
手C[,,
溆H民形像不如推诱改,,
斯皮博客北京W\,,
庭妍,,
T\普,,
土uC4,,
W上淫x色情[,,
W[血美女左小娜,,
瘟再U五年,,
香港大[行,,
香港六和,,
性[,,
耶d基督血水}`全涓Ｒ训F,,
一人的W林匹克,,
一夜情迷,,
淫,,
淫ε影,,
H女老,,
c表妹通,,
j望,,
j望地下城,,
j望格Y,,
j望候室,,
j望之血,,
原子的DIYu作,,
原子的u作方法,,
原子u作方法,,
在火上被人,,
炸u作,,
痿Yl令,,
真像,,
震撼uH女,,
u作u^丸配方,,
u作原子-新,,
u作炸首先要u作炸,,
u做液w炸,,
中共若Y,,
中改革年代政治Y,,
中高嗔Y,,
中南海的嗬[,,
中南海Y,,
中南海高嗬Y,,
中南海若Y,,
L天法,,
下野郎,,
,,
陌陌⑷,,
默默⑷,,
摸摸⑷,,
男W,,
女W,,
Wb,,
,,
G教,,
天,,
迦牟利,,
^音,,
菩_,,
衿,,
婆_,,
阿修_,,
如,,
赤T,,
监狱,,
安非他命,,
大麻,,
海洛因,,
冰毒,,
杜冷丁,,
普贤,,
文殊,,
地藏,,
升天,,
圣母,,
真善忍,,
自焚,,
风水,,
中华民国台湾,,
七灵派,,
灵仙真舍总堂,,
爱的家庭,,
满洲国,,
黑五类,,
黑非洲,,
偷渡台湾,,
偷渡香港,,
台北故宫,,
台湾官员,,
大陆法律,,
徐向前,,
尉健行,,
回良玉,,
曾培炎,,
周永康,,
郭伯雄,,
胡耀邦,,
杨尚昆,,
王光美,,
郭振家,,
陈秋平,,
蒋达德,,
陈忠财,,
樊金源,,
赵文淦,,
张国栋,,
于永湛,,
 桂晓风,,
 杨牧之,,
任泽民 ,,
沈仁干,,
 石峰,,
王岐山,,
李源潮,,
汪洋,,
李闽榕,,
打倒国民党,,
彭丽圆,,
回民猪,,
特朗普,,
川普,,
本拉登,,
花革命,,
牡丹花,,
中国茉莉花革命,,
中国茉莉花运动,,
ML花革命,,
ML花运动,,
ML花,,
梅花革命,,
牡丹花革命,,
映山红(金达莱)革命,,
葵花子政变,,
二十日,,
广场,,
32663,,
出卖中国,,
军车进京,,
十八大代表选举,,
拉票贿选,,
薄谷开来,,
薄瓜瓜,,
张晓军,,
杨达才,,
李德金,,
表叔厅长,,
跨省毁报,,
跨省删帖,,
名表门,,
眼镜门,,
日本右翼分子,,
皇军,,
共荣圈,,
彭德,,
蒋建国,,
全国政协,,
吾买尔?卡那提,,
党的十八届一中全会选举,,
马列主义,,
科学发展观,,
十八届三中全会,,
国家新闻广电总局,,
共青团,,
共青团中央,,
伊斯兰国,,
梦网洪志,,
末世论,,
群体灭绝,,
慧网,,
法轮佛法,,
以血护法,,
张宏堡,,
法轮常转,,
远志明,,
气官影片,,
家庭教会,,
善.恶,,
自在游神,,
自由游神,,
大法新闻社,,
亚太正悟网,,
欧洲圆明网,,
放光明电视台,,
台湾放光明,,
新唐人电视,,
阿波罗网,,
大法之声,,
明毁网,,
洪法,,
219.84.8.146:82,,
汕^l锿割器官,,
李洪之,,
强摘器官,,
正大光明教,,
家庭基督教会,,
正网,,
正见W,,
活体摘取器官,,
珐轮工,,
金牛教,,
陈鸽,,
珐仑,,
门徒会,,
女基督,,
李长寿,,
赵维山,,
话在肉身显现,,
东方发出的闪电,,
救主早已驾云重归,,
神向全宇发声,,
审判在神家起首,,
神隐秘的作工,,
圣灵末世的工作,,
圣灵向众教会说话,,
在光中行走,,
神的说话与人的交通,,
那灵在说话,,
基督的发表,,
你听见神的声音了吗,,
七号已经吹响,,
神在末世的发声,,
圣灵所使用,,
珐仑功,,
法x轮x功,,
大法WT,,
610办头目,,
610成员,,
fl功,,
大法好,,
保先邪恶活动,,
保鲜专栏毒害世人,,
法轮文化,,
美西讲法,,
美西国际法会讲法,,
大ji元,,
大圆满法,,
大善大忍,,
法正人间预,,
江泽民其人,,
江氏末政,,
京城血案的真相,,
中国之毁灭,,
自焚案惊人秘密,,
自焚还是骗局,,
大法的纯洁,,
大法资料,,
非法抓捕,,
被害学员,,
大法修炼,,
被毛整死,,
参与迫害的中共,,
明慧周刊,,
修炼大法,,
发愣工,,
法.轮功,,
法.轮.功,,
法轮.功,,
法l2工力,,
法轮一功,,
法一轮功,,
非法器官移植,,
非法镇压,,
诽谤大法,,
佛家大法,,
破坏大法,,
干扰大法,,
高.智.晟,,
六一○办公室,,
秘密关押,,
秘密监禁,,
苏家屯式的集中营,,
苏家屯式集中营,,
苏家屯集中营,,
苏家屯秘密集中营,,
苏家屯地下集中营,,
苏家屯式地下集中营,,
明慧编辑部,,
明慧的同修,,
明慧汇编,,
明慧图,,
明慧消息,,
明慧新闻,,
明慧资料,,
明慧广播,,
器官摘除,,
窃取活人皮肤,,
马列毒瘤,,
三去lung,,
三去lungong,,
摘取人体器官,,
盗取器官,,
摘取犯人器官,,
伪科学,,
610非法组织610恐怖机构,,
610恐怖组,,
610H,,
610组织,,
fa3车仑g,,
x教组织,,
北美大湖区法会上讲法,,
北美大湖区讲法,,
北美讲法,,
北美巡回讲法,,
不政治,,
长春讲法,,
长春解法,,
大法不可被利用,,
大法洪传时代,,
大法坚不可摧,,
大法金刚永纯,,
大法义解,,
大湖区讲法,,
弟子的伟大,,
江泽民推卸不了的历史责任,,
精进要旨,,
发出强大正念,,
发出正念,,
发正念,,
法正乾坤,,
法轮佛学,,
法轮图形,,
法轮修炼,,
法轮桩法,,
法轮组织,,
法轮周天法,,
法能破一切邪恶,,
法能破一切执著,,
非法拘留,,
非法抄家,,
非法关押,,
非法劳教,,
非法秘密判刑,,
非法秘密抓捕,,
非法判刑,,
非法取缔,,
非法抓走,,
纪元动态,,
纪元快讯,,
纪元特稿,,
纪元文化,,
纪元专栏,,
正法修炼,,
正法之路,,
正见书籍,,
正清网,,
氵去lun,,
珐伦,,
真sh忍,,
9一i平,,
da法好,,
神惩罚党,,
氵去仑,,
fa工力,,
李da师,,
沦功,,
沦公,,
沦攻,,
论攻,,
论功,,
法论公,,
伦攻,,
伦公,,
大g元,,
法治大法,,
不信耶稣的人会下地狱,,
法抡工,,
万邦教会,,
万邦宣教教会,,
fa抡工力,,
会道门,,
中华养生益智功,,
旷野窄门,,
太比力克,,
沈昌特功,,
闻香教,,
圆顿教,,
圆顿法门,,
国际中功总会,,
H中功,,
三元教,,
乐施会,,
aboluowang.com,,
联合教会,,
城市教会,,
三赎基督,,
见证三赎,,
蒙福派,,
九.评,,
三退热线,,
大记元,,
大一纪,,
共一党,,
邓颖超日记,,
人民内情真相,,
南大自由论坛,,
木子论坛,,
反社会,,
反人类,,
共狗,,
高薪养廉,,
独立中文笔会,,
中共暴政,,
9评,,
9平视频,,
退出党,,
腐败无救,,
党邪恶,,
中共暴力,,
党的暴力,,
中国网民党,,
愚民政策,,
反民众,,
官僚精英,,
收复大陆,,
消灭共产帝国,,
反共产,,
诛共匪,,
灭共党,,
反攻大陆,,
铲除共匪,,
藏字石,,
专制当局,,
内人党,,
挖肃,,
八路匪,,
退出傥,,
共产小丑,,
中共迫害,,
中共走狗,,
政治恶棍,,
共产党独裁,,
反封锁,,
反对党,,
贪污犯,,
官场经济,,
政府腐败,,
中共当局,,
洋奴哲学,,
联动分子,,
镇压群众,,
反共复民,,
反共复清,,
中国09年将面临更大的政治压力,,
中国09年面临更大的政治压力,,
达赖喇嘛流亡50周年,,
敏感的政治纪念日,,
公产档,,
工产谠,,
愚民教育,,
土共独裁,,
人权是奢侈,,
国营腐败,,
农村腐败,,
中国民主党,,
民主流氓,,
中国过度政府,,
共产党是骗子,,
反抗共产党,,
反对共产党,,
冤民大同盟,,
未来中国论坛,,
中国国家党,,
鲁迅公园绝食活动,,
供产档,,
拱产档,,
拱产谠,,
我恨警察,,
公产谠,,
大己元,,
大季元,,
贪官卖国,,
党的暴政,,
大gi元,,
脱离党,,
互害社会,,
中国政府不害怕互联网,,
中共邪灵,,
才有新中国,,
才能有新中国,,
gc党,,
党亡,,
中共谎言,,
共b党,,
退dang,,
tui党,,
共chan党,,
恶谠,,
gong惨谠,,
共惨谠,,
百年祸国,,
退出共产党,,
邪恶的共产党,,
解体党文化,,
官腐民盗,,
党震,,
共产党倒台,,
脑残教育,,
communistparty,,
退共,,
邪恶组织,,
共产邪恶,,
中共黑帮,,
淫官,,
伪共党,,
蛮横的政策,,
土匪控制社会,,
土匪控制流氓,,
流氓控制农民,,
党是喝人血,,
党喝人血,,
中共维稳,,
变态帝制,,
党徒,,
天亡中共,,
天亡中一共,,
党的腐败,,
党腐败,,
共餐党,,
供产当,,
共产当,,
供惨谠,,
供产党,,
共产谠,,
拱产党,,
多妻养德,,
中共治下的中国,,
腐败大业,,
共产党邪教,,
党的邪教,,
共产主义歪理邪说,,
中共喉舌,,
假恶斗,,
摆脱党文化,,
退.党,,
中共散毒,,
党文化污染,,
被党整,,
党打死,,
党迫害,,
党欺骗,,
党收瓜光,,
中共利用,,
中共迷惑,,
中共灭口,,
中共歪曲,,
中共愚弄,,
促退队,,
共产.党,,
党下台,,
亡党,,
zhong共,,
中共灭亡,,
杀人如麻的中共,,
中共政治迫害,,
共.产.党,,
唾党妈,,
退出了中共,,
退出了共产党,,
退出中国共产党,,
黑心党,,
中共镇压,,
中共装阔,,
中共装摸作样,,
中共罪行,,
中共作恶,,
中共亵渎,,
中共戕害,,
中共压,,
暴虐统治,,
腐财横行,,
共a党,,
党的流氓本性,,
党的杀人历史,,
党的邪恶,,
党根本没有人权,,
党走入坟墓,,
共奴,,
被党整过,,
告别中共,,
拱.铲.谠,,
拱.铲谠,,
拱铲谠,,
拱铲.谠,,
花季护航,,
绿坝娘,,
蓝坝娘,,
谠亡,,
亡谠,,
退谠,,
褪谠,,
拱产当,,
拱铲党,,
拱铲档,,
拱铲当,,
拱铲dang,,
拱chan谠,,
拱惨党,,
拱惨档,,
拱惨当,,
拱惨dang,,
拱b谠,,
拱b党,,
拱b档,,
拱b当,,
拱bdang,,
拱产dang,,
gong掺当,,
gong掺dang,,
功铲谠,,
功铲党,,
功铲档,,
功铲当,,
功铲dang,,
功chan谠,,
功chan党,,
功chan档,,
功chan当,,
功chandang,,
功掺dang,,
政匪,,
中共不灭,,
中共当权,,
中共党魁,,
中共的暴力,,
中共的暴烈,,
中共的打手,,
中共的大堕落,,
中共的恶戏,,
中共的恶行,,
中共的棺材,,
中共的谎话,,
中共的谎言,,
中共的教条,,
中共的烂疮,,
中共的流氓,,
中共的迷魂,,
中共的迫害,,
中共独权,,
中共流氓,,
抗议政府,,
纳粹中共,,
中共的险恶,,
中共险恶,,
中共的嘴脸,,
打到共产党,,
打到中央,,
打倒中央,,
中共头子,,
中共非法,,
烂党,,
烂政权,,
中共血腥,,
党卑鄙,,
退一档,,
退档,,
天一灭一中一共,,
天要亡供,,
天要亡共,,
弃,,
邪挡,,
邪谠,,
邪档,,
拱铲挡,,
共铲挡,,
工铲挡,,
供铲挡,,
公铲挡,,
gong铲挡,,
功铲挡,,
人民需要反抗,,
痛恨这时代,,
痛恨着时代,,
胡石根,,
自由民主党,,
邪的教育,,
反共盟,,
反共联盟,,
中央无能,,
正义党,,
无国界记者,,
中国联邦主义,,
公产王朝,,
公产小丑,,
公产专制,,
脱离中共,,
贡谠,,
党蛊惑,,
反对中国共产党,,
启靖,,
社会民主党,,
兴华党,,
腐败的谠,,
腐败的党,,
批评谠,,
党黑,,
政治垄断,,
推翻中共,,
党太黑,,
党灭亡,,
党匪,,
党土匪,,
钟共,,
钟央,,
倒共救国,,
中共垃圾,,
垃圾中共,,
中共欺骗,,
共产党亡,,
珙铲谠,,
聿谠,,
拱铲铛,,
b谠,,
剿共,,
剿共复国,,
⒅彀蚊,,
杀朱拔毛,,
脱离共谠,,
脱离共党,,
颠覆共党,,
中国人民党,,
拱谠,,
贡傥,,
供傥,,
退傥,,
邪傥,,
拱傥,,
国家改革建议书,,
共产党wang,,
胡耀邦传,,
中共的残酷镇压,,
人权民运,,
军人骚乱,,
中华党,,
润涛阎,,
维权网义工,,
gong产组织,,
民族社会党,,
民族主义复兴党,,
新共党,,
独立知识分子,,
民主中国阵线,,
中国民主正义党,,
民,,
中鹇匝芯克,,
中国工党,,
灭共檄文,,
gdzf.org,,
中华复兴党,,
中华联邦党,,
g匪,,
gcd是畜牲,,
强盗zf,,
和谐大旗,,
共馋党,,
共啐党,,
共踹党,,
审氵工案,,
六０五决议,,
西藏3?14事件,,
新疆7?5事件 ,,
野田佳彦,,
玄叶光一郎,,
石原慎太郎,,
六四,,
圆满,,
反共,,
共匪,,
陆肆事件,,
一党独裁,,
内蒙古抗议,,
内蒙古5.11事件,,
钓鱼岛事件,,
钓鱼岛争端,,
钓鱼岛国有化,,
抵制日货,,
打砸日货,,
打倒日本,,
中央军委,,
中共中央政治局,,
中央政治局常委,,
中国人民解放军,,
18大,,
刘奇褒,,
赵乐际,,
栗战书,,
杜青林,,
杨晶,,
马凯,,
孙春兰,,
孙政才,,
张春贤,,
范长龙,,
韩正,,
房峰辉,,
张阳,,
赵克石,,
张又侠,,
马晓天,,
魏凤和,,
梁光烈,,
莫言,,
多党执政,,
虐童,,
斯巴达,,
新疆7.5事件,,
新疆7?5事件,,
西藏3.15事件,,
西藏3?15事件,,
全国人民代表大会,,
中华全国总工会,,
中央军事委员会,,
多里坤。艾沙本,,
反封锁技术,,
冯东海,,
冯素英,,
干的你,,
戈瑞,,
古龙,,
祭坛,,
骨狮,,
关卓中,,
贯通两级法,,
钟山风雨论坛,,
周守训,,
朱凤芝,,
朱立伦,,
主攻指挥官,,
主义,,
助手威尔特,,
中华大地,,
中华大众,,
中华时事,,
中华真实报道,,
中央电视台,,
贼民,,
张伯笠,,
张博雅,,
张刚,,
张建,,
张林,,
张清芳,,
张伟国,,
温家宝之子,,
毛远新,,
毛泽民之子,,
习仲勋之子,,
李鹏之子李小鹏,,
吴百益,,
中国领导人的子女,,
中央领导人之子,,
拍马是一种高级艺术,,
二奶腐败,,
情妇腐败,,
官场缺德,,
毛泽东罪恶展示,,
黄海谋刺,,
刺胡事件,,
毛始皇,,
红朝邓二世,,
红朝皇帝,,
江系人马,,
江系干将,,
江系亲信,,
江系势力,,
9.13事件的真凶,,
9.13事件真凶,,
胡曾结盟,,
话说江核心,,
江胡大战,,
江氏迫害,,
毛二世,,
摆平胡锦涛,,
暴君毛泽东,,
毛的淫威,,
毛魂附体,,
毛式共惨,,
毛式共产主义,,
毛是个怪胎,,
毛是中国的孤本,,
毛外交的偏激,,
毛一生血迹斑斑,,
残暴毛,,
毛泽东本人的罪恶,,
毛泽东本人整人一流,,
毛泽东不会放过乘乱夺权,,
毛泽东出卖中国,,
毛泽东处男诗,,
毛泽东当年阳谋,,
毛泽东党天下,,
毛泽东得意,,
毛泽东的肮脏历史,,
毛泽东的卑鄙行为,,
毛泽东的地盘,,
毛泽东的狗屁思想,,
毛泽东的情人,,
毛泽东的权力机器,,
毛泽东的无诚信,,
毛泽东的无厘头诗,,
毛泽东的阴险,,
毛泽东的愚弄,,
毛泽东的整人术,,
毛泽东的中共,,
毛泽东关心唯一事情是夺权,,
毛泽东号称混世魔王,,
毛泽东黑洞,,
毛泽东慌不择路,,
毛泽东皇帝,,
毛泽东近三十年暴政,,
毛泽东留下的最大最坏的遗产,,
毛泽东龙颜大悦,,
毛泽东如此嗜杀,,
毛泽东是暴君,,
毛泽东是大流氓,,
毛泽东思想的阴魂,,
毛泽东统治,,
毛泽东玩弄权术,,
毛泽东一生反孔,,
毛泽东一生ξ,,
毛泽东依然阴魂不散,,
毛泽东这个大和尚,,
毛泽东这个历史的罪人,,
毛泽东这类政治人物,,
毛主席纪念堂上市论,,
毛主席叫我咬谁我咬谁,,
毛主义的受害者,,
公审江泽民,,
瘟家暴,,
温家宝幕僚,,
温家宝自扇嘴巴,,
神奇的8341,,
神奇8341,,
神奇的老人,,
黄海事件,,
黄海暗杀,,
高干子弟,,
举着红旗反红旗,,
毛泽东三个时期的旗帜,,
邓小平的政治交代,,
八三四一部队,,
中央警卫局,,
中办警卫局,,
公安部就局,,
中央警卫团,,
毛主席的qq,,
上级领导提倡的就是正确的,,
毛泽东的qq,,
毛主席聊qq,,
毛泽东聊qq,,
主席贴身保镖,,
主席的贴身保镖,,
总理的贴身保镖,,
总理贴身保镖,,
领导人保镖,,
领导人贴身保镖,,
毛泽南,,
毛泽西,,
毛泽北,,
黄海ci胡,,
主席保镖,,
中南海保镖,,
公审毛泽东,,
毛泽东独裁,,
邓矮,,
邓儿,,
主席领袖群伦,,
江吹拉弹唱粉墨登场,,
胡温除了流眼泪,,
特殊阶层,,
高干子女,,
军牌详解,,
中南海事件,,
重新评价毛泽东,,
重评毛泽东,,
邓小平失算,,
胡锦涛左右为难,,
摸黑毛泽东,,
反毛方阵,,
田明建枪战,,
田明建事件,,
建国门事件,,
建国门枪战,,
田明建,,
胡锦涛下台,,
胡仅涛,,
恢复三民主义,,
庆红批阅,,
国母宋祖英,,
江泽民的情妇,,
江泽民情妇,,
江爷爷来背,,
中国高干,,
邓小平的恐女症,,
谁是胡温的接班人,,
打倒胡锦涛,,
囊帕拉,,
东土耳其斯坦,,
西藏论坛,,
蔡崇国,,
北美自由论坛,,
亚洲自由之声,,
春夏自由论坛,,
正义党论坛,,
蒙古国,,
统独论坛,,
台盟,,
台湾政论区,,
建国党,,
乌伊会,,
西藏万岁,,
我的上师,,
反汉复藏,,
藏族独立,,
西藏之声,,
自由亚洲电台,,
踩踏佛像,,
藏国,,
白玉网,,
西藏要人权,,
西藏要人,,
西藏要独立,,
黑色之年,,
西藏妇女会,,
热比亚,,
西藏作为宗教国家,,
天佑台湾,,
1989年诺贝尔和平奖,,
印度爱藏,,
祝福达赖,,
西藏49秒,,
洛波桑,,
西藏平暴,,
前政治犯协会,,
西藏全国民主党,,
国际西藏运动,,
西藏委员会,,
西藏之友,,
西藏的控制,,
西藏的压制,,
拉顿德通,,
刚热,,
西藏团结委员会,,
西藏人民大起义运动,,
泰米尔猛虎,,
自杀式爆炸,,
索朗朗杰,,
迪考谭凯,,
旦正昂杰,,
夏珠活佛,,
门朗塔庆,,
格桑坚赞,,
西藏国家,,
西藏妇女协会,,
噶伦桑东,,
普布次仁仁波切,,
freetibet,,
藏人国旗,,
藏人的国旗,,
桑东仁波切,,
比次仁,,
圣战培训班,,
突厥斯坦伊斯兰党,,
东突解,,
世界维吾尔青年代表大会,,
苗独,,
世界维吾尔代表大会,,
热比I,,
岜孺,,
世界S吾代表大,,
精神母亲,,
世维大会,,
迪里夏提,,
世界维吾尔族人大会,,
多里坤艾沙,,
多里坤.艾沙,,
新纳粹,,
欧洲东突联盟,,
东突信息中心,,
阿不都吉力力,,
卡拉卡西,,
乌兹别克斯坦伊斯兰运动,,
阿卜杜勒,,
哈克,,
艾孜来提,,
东突民族党,,
维吾尔青年联盟,,
东突信息联络中心,,
蓝色蒙古,,
爱的10个条件,,
瑞典维吾尔人委员会,,
买买提,,
阿不都热合曼,,
艾山买合苏木,,
亚甫泉,,
新疆独立运动,,
卡日阿吉,,
吐尔逊,,
胡达拜尔地,,
阿西尔白克,,
亚生买买提,,
阿塔汗,,
阿不都艾尼,,
国际声援西藏运动,,
侯赛因江,,
事实独立,,
西藏本非国土,,
我的喇嘛,,
艾买提,,
亚库甫,,
阿布都米吉提,,
夏米斯丁艾合麦提,,
艾可米来,,
吾买尔江,,
爱的十个条件,,
西藏血统,,
藏族血统,,
陈巧文,,
果洛拉加寺,,
祥萨仁波切,,
打压异族,,
达赖活佛,,
没有伤痕的酷刑,,
新疆人,,
同香会,,
捅死一女两男,,
噶玛巴,,
扎西东知,,
会见达赖,,
印度之子,,
起义日,,
反华活动,,
西藏抗暴,,
中共极左政策,,
我的土地我的人民,,
我的土地和我的人民,,
藏人社区,,
毁灭佛教,,
⒍4学潮,,
六四天安,,
工自联,,
中国六四真相,,
坦克车从学生们的身上辗过,,
军队向人民开枪,,
坦克车压伤,,
六四集,,
六四诗集,,
北京市高校学生自治联合会,,
北京工人自治联合会,,
天安门清场,,
64事件,,
第二十七军,,
四二二事件,,
八九见证,,
六四政变,,
六四屠城,,
六四之役,,
六四母亲,,
89学潮,,
天安门四君子,,
6.4事件,,
张柏笠,,
天安门大学生事件,,
香港支联会,,
六肆,,
除报禁,,
五四谈话,,
二六社论,,
六四尾声,,
六四死难者,,
六．四运动,,
64学生运动,,
八九学生,,
六.四惨案,,
六si死y,,
六四死y,,
64死y者,,
64死难,,
6.4运动,,
64运动,,
64学潮,,
6四事件,,
6四学潮,,
6泗,,
六泗,,
64血案,,
64学运,,
64遇y,,
六四遇难,,
64死y,,
勿忘64,,
毋忘64,,
64民运,,
民运平反,,
liu四,,
liu泗,,
六si,,
六四纪念,,
64纪念,,
纪念64,,
64天安门,,
六四二十周年,,
六四20周年,,
64二十周年,,
民运二十周年,,
民运20周年,,
纪念89,,
89纪念,,
纪念八九,,
八九纪念,,
八九二十周年,,
89二十周年,,
八九20周年,,
六四血腥,,
广场学生,,
426社论,,
516社论,,
血洗政策,,
89年春夏之交,,
还我紫阳,,
血洗京华,,
4．26社论,,
军队屠城,,
6.4学潮,,
八九之后,,
89之后,,
静思节,,
禁食祷告日,,
唐荆陵,,
嵫可以Q碜杂,,
89风波,,
o思,,
o,,
o乒,,
6月fourth,,
怀念64,,
屠杀大学生,,
二十年前天安门,,
20年前天安门,,
天安门的母亲,,
隐退的正义,,
同声哭泣,,
民主运动,,
64之前,,
雨夜送耀邦,,
逃离中国,,
64暴乱,,
64天安,,
64真相,,
64真像,,
64集,,
64诗集,,
64镇压,,
64屠杀,,
64政变,,
64屠城,,
64之役,,
64母亲,,
64惨案,,
64风波,,
64尾声,,
64平反,,
64动乱,,
64之後,,
64之后,,
64屠,,
64血腥,,
64伤残,,
广场上的热血,,
热血洒广场,,
鲜血洒广场,,
89天安门,,
89年天安门,,
学生动乱,,
廿周年,,
20L年,,
二十L年,,
U朴,,
V錾系墓埠,,
广场上的共和国,,
民主v程,,
我的民主历程,,
李录,,
戒严令,,
64历史,,
民主化\,,
64旁见,,
柴琳,,
柴铃,,
六一一四,,
6一一4,,
六一四,,
6一4,,
吾_,,
泯运,,
戒严指挥,,
柴总指挥,,
北京动乱,,
天安门之魂,,
天安门广场枪杀学生,,
天安门广场大屠杀,,
天安门广场民主运动,,
天安门事变,,
四月二十六日社论,,
八九北京事件,,
血洗北京,,
1989年春夏之交,,
郭海峰,,
赵长青,,
王有才,,
军民冲突,,
天安门被清场,,
学自联,,
邢铮,,
外高联,,
1989天安门,,
鲍戈,,
六四图片,,
六四掺案,,
tiananmen事件,,
镇压学生事件,,
林昭,,
动乱分子,,
大学动乱,,
6.4屠城,,
89年学潮,,
大学生闹天安门,,
镇压六四,,
32660,,
学潮暴乱,,
漆黑将不再面对,,
天安门母亲的呼唤,,
狐狸先生的尾巴,,
国共伪造的历史,,
毛泽东的最后二十年,,
天安门路在何方,,
怎么看和怎么办,,
江上的母亲尘世挽歌,,
走近冰山,,
⑥四分子,,
坦克节,,
中共打压,,
5月35号,,
5月35日,,
北京大屠杀,,
中共屠城,,
镇压八九,,
中共倒台,,
六四纪念集会,,
排华,,
集体强奸,,
印尼反华,,
印尼屠杀,,
印尼暴乱,,
98印尼,,
排A,,
印尼华人,,
屠华,,
巴新反华,,
反华大暴动,,
五月暴,,
五月暴动,,
反华事件,,
九八年印尼,,
九八印尼,,
历史篡改者,,
小鹰号沉没,,
民殇,,
新中华战记,,
红旗漫漫,,
共和国2049,,
国之利刃,,
北京战争,,
角落里的枪重建帝国2.0,,
我的文革岁月,,
hjt传,,
中国农村调查报告,,
圣床,,
国防资料调查科,,
中国废片,,
十七大前后的中国,,
邓力群自述,,
胡锦涛新传,,
北京政坛清华名人,,
人民心中的胡耀邦,,
达赖喇嘛与中国,,
中国贪官在海外,,
中国超级富豪传奇,,
中共超级特工,,
生命树的分叉,,
中国官场情杀案环球事业,,
胡温全透视,,
爱滋村里的爱,,
未来的自由中国在民间,,
谁为腐败晚餐买单,,
行贿黑名单,,
递进民主,,
年轻时的赵紫阳,,
陈伯达最后口述回忆,,
胡温治国揭秘,,
中南海面临的危机,,
图说文化大革命,,
林彪与文化大革命,,
军报内部消息文革亲历,,
佛怀煽仇录,,
文化大革命图典,,
洪都女皇江青同志,,
专访赵紫阳,,
中国历史的见证,,
寻求六四,,
中国的衰落,,
新发现的毛泽东,,
李慎之文集,,
胡绩伟自选集,,
黄万里文集,,
哈维尔文集,,
怀念耀邦,,
李锐近作,,
图释世界史,,
厚黑大全,,
红楼里的女人,,
陈良宇秘密档案,,
红墙内的秘书们,,
红色领袖沉浮录,,
往事微痕,,
北京军方内参,,
中共内参,,
往事并不如烟,,
中国农民调查,,
呼唤英雄,,
维权诗集,,
失踪者的足迹,,
革命吞噬了它的女儿,,
毛泽东执政春秋,,
一个解放军的1989,,
第五代中共18大主角,,
高洁的灵魂,,
天上人间公安部不敢查的秘密,,
上访维权,,
两会呈情,,
维权人士,,
申冤维权,,
申冤两会,,
两会申冤,,
两会监控升级,,
两会经费,,
维权博客,,
取缔网吧,,
上访两会,,
重回两会,,
雷议案,,
雷代表,,
人大代表无人选,,
政协委员党指定,,
医疗改革病难治,,
教育款如泰山重,,
贪官遍地罪难容,,
自由民主是何物,,
人权平等一场空,,
统计数字大掺水,,
维权更难血泪重,,
花言巧语欺百姓,,
人大只是举手会,,
政协更成拍手风,,
酒足饭饱会开罢,,
只见那昏惨惨邪灯将灭,,
人共愤三退潮涌,,
两会开幕云代表,,
邪党残暴似不见,,
民怨沸腾无人问,,
兴师动众七十万,,
层层截访层层拦,,
抓捕访民关黑牢,,
人民代表怕人民,,
党国奇观天下笑,,
会上反腐喊口号,,
末日来临回光照,,
亿万勇士弃中共,,
神州三退涌春潮,,
残暴狠毒恶贯满,,
滔天大罪天火烧,,
清除邪灵复华夏,,
世代高唱太平谣,,
M京诉冤,,
两会的大戏,,
两会大戏,,
两会提案为难,,
户籍制度违反宪法,,
中共监控,,
两会越辩越黑,,
你还是党的喉舌,,
问责会,,
员工砍死经理,,
顺义4s店事故,,
艺术家绝食,,
两会打瞌睡,,
李鸿忠抢女记者,,
李鸿忠怒抢女记者,,
威胁抢劫女记者,,
威胁女记者,,
您对邓玉娇案怎么看,,
两会最虚伪的官员,,
两会气死你,,
灭掉所有后,,
用医改灭掉,,
工人的觉醒,,
新工人运动,,
联通罢工,,
维护罢工,,
抵制联通,,
交警当街被杀,,
交警遇刺,,
持刀杀交警,,
杀死交警后,,
刺死警察,,
砸警车,,
集体罢工,,
出租车大罢工,,
出租车罢工,,
坛真理,,
真理部,,
不得报道,,
不得炒作,,
网民诬告,,
游精佑,,
范燕琼,,
吴华英,,
福清纪委爆炸,,
南京近期要地震,,
中国地震局预报,,
地质学家的预言,,
学校血案频起,,
全怪隔壁幼儿园,,
前面左转是政府,,
砸你饭碗是城管,,
官商勾结我无罪,,
奶粉毒害的是你们,,
疫苗伤害的是你们,,
地震压死的是你们,,
成人用刀报复的也是你们,,
你们扫了爷爷的兴,,
你们扫了爷爷兴,,
你们扫了爷的兴,,
美国国家地震台网预测,,
南平血案,,
南平事件,,
雷州砍人,,
泰兴惨案,,
中国没有人权,,
幼儿园又遭毒手,,
校园伤害案,,
天上人间夜总会被查,,
天上人间都被查了,,
天上人间被查,,
天上人间是事业单位,,
失去了原有意义的世博会,,
世博能否推出中国价值观,,
沁园春房,,
房奴如潮,,
房奴滔滔,,
数天价楼盘,,
数天价楼市,,
平息不了西南人民的怨气,,
军队在锦州集结,,
军队集结完毕,,
国内恐慌,,
封索信息,,
农民自制土炮,,
轰退百人强拆队,,
马鞍山6.11事件,,
地铁爆炸,,
靖西事件,,
靖西肉搏事件,,
罢工事件,,
罢工潮,,
罢工维权,,
女大学生包养价格,,
包年生活费,,
哪个让你直播的,,
谁让你直播的,,
铲车事件,,
铲车撞人,,
铲车肇事,,
捍卫粤语,,
保护粤语,,
支持粤语,,
撑粤语,,
推普废粤,,
淄博博山机关幼儿园,,
周小川出逃,,
示威抗议,,
政府黑幕,,
严格封锁,,
官界黑暗,,
主子奴才和狗,,
游行的意义,,
背离了改革初衷,,
2010诺贝尔和平奖,,
龙圩特大暴乱事件,,
反日游行,,
抗日游行,,
还我钓鱼岛,,
中国人必看,,
殴打,,
打砸烧事件,,
警察的冲突,,
殷彩霞,,
强制征地,,
强行征地,,
围殴,,
冲击市委,,
踢翻小贩,,
万人围堵,,
警民对峙,,
围截铁路,,
大规模骚乱,,
执法犯法,,
杀人的警察,,
执法者犯法,,
警察打死,,
强行拘留,,
贪官,,
杀掉警察,,
打击警察,,
警察真恶心,,
游行抗议,,
官官相护,,
恶打,,
滥用枪支,,
暴打,,
毒打,,
强征土地,,
忽视农民,,
中国人很能骂,,
公安恶人,,
暴力执法,,
警车被掀,,
黑恶公安,,
伪法院,,
警察暴力,,
匪警,,
群众聚集,,
打伤小贩,,
血腥暴力,,
警察打人,,
邪警,,
结谠营私,,
爆乱,,
见人就打,,
见车就砸,,
打人致死,,
困官砸车,,
执法何在,,
带薪坐牢,,
打人公务员,,
公务员打人,,
官商联手,,
滥用政府权力,,
贪淫,,
被警察打,,
警察的暴行,,
官员奸淫,,
黑衙门,,
打人交警,,
有执照的流氓,,
警察杀人,,
警察禽兽,,
黑暗政府,,
强行拆迁,,
强制拆迁,,
官员恶,,
官员流氓,,
闵行倒钩门,,
政府太黑,,
政府太贪,,
政府太无能,,
官场腐败,,
钓鱼执法,,
tmd政府,,
抵制政府,,
政府是大爷,,
政府是爷,,
政府吃屎,,
政府他妈的,,
他妈的政府,,
霸王执法,,
合法土匪,,
中国的腐败,,
警察的腐败,,
官官相照,,
官官相通,,
官官相互,,
垃圾政府,,
打死人,,
官官勾结,,
警察腐败,,
军警毒打,,
军警殴打,,
政府垃圾,,
醉驾撞死,,
特大血案,,
替党说话,,
国家的黑暗,,
强拆,,
朱容基,,
滥用武力,,
围攻,,
群殴,,
渎职,,
势力的狗,,
闹事,,
深夜执法,,
大虹桥规划,,
郑州警方扫黄,,
粗暴执法,,
郑州扫黄,,
嫖资纠纷,,
学生暴动,,
抗h拆,,
暴力拆房,,
艺术区遭拆迁,,
艺术区拆迁,,
开水有毒,,
有毒的不是开水,,
喝水死,,
施工暴徒,,
呼和浩特戒毒所,,
戒毒所遭强奸,,
睡觉死,,
亲友死在看守所,,
全国模范看守所,,
先谢国家,,
强奸致死,,
孙中界,,
王益,,
砍伤儿童事件,,
砍杀事件,,
砍伤19名师生,,
杀人事件,,
被砍事件,,
砍杀学生,,
砍杀小学生,,
砍人事件,,
幼儿园砍杀,,
幼儿园被砍杀,,
砍杀幼儿园,,
凶杀案,,
砍伤32人,,
踩踏事件,,
踩踏事故,,
本田,,
铝厂污染,,
村民游行,,
世博文化中心,,
执法犯罪,,
以权办案,,
以钱结案,,
权钱交易,,
警匪勾结,,
军匪勾结,,
残害百姓,,
暴力冲突,,
交警暴力,,
掀翻警车,,
官逼民反,,
重大事件,,
上万围攻,,
民众爆动,,
副词：中国留学生,,
料理店,,
妓女,,
拆迁户,,
警察,,
地方势力,,
火葬场,,
洞口县,,
黑车,,
警用执法车,,
阅兵仪式,,
恶警,,
特警,,
绝对的弱者,,
军警,,
执法者,,
围观的群众,,
警车,,
公务员,,
当政者,,
陈雄杰,,
南汇,,
景逸鸣,,
小姐裸照,,
邓罗生,,
g家,,
长安街游行,,
艺术家长安街,,
王亚辉,,
活埋,,
郗红,,
何舍彪,,
周洋,,
不配合,,
索赔12万,,
王小丫,,
王小y,,
王小鸭,,
王小压,,
幼儿园,,
惨案,,
血案,,
世博,,
韩国馆,,
自制土炮,,
闹罢工,,
工人罢工,,
靖西,,
跳楼,,
自杀,,
派出所,,
抗日,,
侵华日军,,
713部队,,
支那人,,
安倍,,
日寇,,
伪满洲国,,
meia tigela,,
traveco,,
gordona,,
gorducha,,
neguinho,,
cafona,,
escracho,,
furúnculo,,
porrada,,
desgra?a,,
escafedeu,,
espiga,,
seborreia,,
ran?o,,
tomar no cu,,
tomar no cú,,
porra,,
escrava,,
carv?o,,
caralho,,
nem fodendo,,
pica,,
pqp,,
